"BP_ID","GOTerm","Term","TAIR","Evidence","ENTREZ","Gene_Name","Gene_Definition","Gene_Aliases"
"GO:0010374","GO:0010103","stomatal complex morphogenesis","AT1G04110","IMP","839287","SDD1","Subtilase family protein [Arabidopsis thaliana (thale cress)]","AT1G04110, AtSDD1, F20D22.12, F20D22_12, STOMATAL DENSITY AND DISTRIBUTION, STOMATAL DENSITY AND DISTRIBUTION 1"
"GO:0010374","GO:0010103","stomatal complex morphogenesis","AT1G63700","IMP","842674","YDA","Protein kinase superfamily protein [Arabidopsis thaliana (thale cress)]","AT1G63700, EMB71, EMBRYO DEFECTIVE 71, F24D7.11, F24D7_11, MAP KINASE KINASE KINASE 4, MAPKKK4, YODA"
"GO:0010374","GO:0010103","stomatal complex morphogenesis","AT1G75640","IMP","843899","AT1G75640","Leucine-rich receptor-like protein kinase family protein [Arabidopsis thaliana (thale cress)]","AT1G75640, F10A5.16, F10A5_16"
"GO:0010374","GO:0010103","stomatal complex morphogenesis","AT1G80080","IMP","844348","TMM","Leucine-rich repeat (LRR) family protein [Arabidopsis thaliana (thale cress)]","AT1G80080, AtRLP17, F18B13.16, F18B13_16, Receptor Like Protein 17, TOO MANY MOUTHS"
"GO:0010374","GO:0010103","stomatal complex morphogenesis","AT2G26330","IMP","817173","ER","Leucine-rich receptor-like protein kinase family protein [Arabidopsis thaliana (thale cress)]","AT2G26330, ERECTA, QRP1, QUANTITATIVE RESISTANCE TO PLECTOSPHAERELLA 1, T1D16.3, T1D16_3"
"GO:0010374","GO:0010103","stomatal complex morphogenesis","AT3G61650","IMP","825338","TUBG1","gamma-tubulin [Arabidopsis thaliana (thale cress)]","AT3G61650, gamma-tubulin"
"GO:0010374","GO:0010103","stomatal complex morphogenesis","AT3G63440","TAS","825519","CKX6","cytokinin oxidase/dehydrogenase 6 [Arabidopsis thaliana (thale cress)]","AT3G63440, ATCKX6, ATCKX7, CYTOKININ OXIDASE 6, cytokinin oxidase/dehydrogenase 6"
"GO:0010374","GO:0010103","stomatal complex morphogenesis","AT5G05620","IMP","830445","GCP2","gamma-tubulin complex protein 2 [Arabidopsis thaliana (thale cress)]","AT5G05620, ARABIDOPSIS THALIANA GAMMA-TUBULIN  COMPLEX PROTEIN 2, ARABIDOPSIS THALIANA GAMMA-TUBULIN COMPLEX PROTEIN 2, ATGCP2, GAMMA-TUBULIN 2, MJJ3.10, MJJ3_10, TUBG2, gamma-tubulin  complex protein 2, gamma-tubulin complex protein 2"
"GO:0010374","GO:0010103","stomatal complex morphogenesis","AT5G07180","IGI","830609","ERL2","ERECTA-like 2 [Arabidopsis thaliana (thale cress)]","AT5G07180, ERECTA-like 2, T28J14.120, T28J14_120"
"GO:0010374","GO:0010103","stomatal complex morphogenesis","AT5G62230","IGI","836344","ERL1","ERECTA-like 1 [Arabidopsis thaliana (thale cress)]","AT5G62230, ERECTA-like 1, MMI9.14, MMI9_14"
"GO:0010118","GO:0010118","stomatal movement","AT1G04400","IGI","839529","CRY2","cryptochrome 2 [Arabidopsis thaliana (thale cress)]","AT1G04400, AT-PHH1, ATCRY2, CRYPTOCHROME 2 APOPROTEIN, F19P19.14, F19P19_14, FHA, PHH1, cryptochrome 2"
"GO:0010118","GO:0010118","stomatal movement","AT1G08810","IMP","837403","MYB60","myb domain protein 60 [Arabidopsis thaliana (thale cress)]","AT1G08810, AtMYB60, F22O13.30, F22O13_30, myb domain protein 60"
"GO:0010118","GO:0010118","stomatal movement","AT1G09780","IGI","837507","iPGAM1","Phosphoglycerate mutase, 2,3-bisphosphoglycerate-independent [Arabidopsis thaliana (thale cress)]","AT1G09780, 2, 3-biphosphoglycerate-independent phosphoglycerate mutase 1, F21M12.16, F21M12_16"
"GO:0010118","GO:0010118","stomatal movement","AT1G10300","IMP","837569","AT1G10300","Nucleolar GTP-binding protein [Arabidopsis thaliana (thale cress)]","AT1G10300, F14N23.18, F14N23_18"
"GO:0010118","GO:0010118","stomatal movement","AT1G11960","IMP","837748","AT1G11960","ERD (early-responsive to dehydration stress) family protein [Arabidopsis thaliana (thale cress)]","AT1G11960, F12F1.17, F12F1_17"
"GO:0010118","GO:0010118","stomatal movement","AT1G12480","IMP","837805","OZS1","C4-dicarboxylate transporter/malic acid transport protein [Arabidopsis thaliana (thale cress)]","AT1G12480, CARBON DIOXIDE INSENSITIVE 3, CDI3, F5O11.23, F5O11_23, OZONE-SENSITIVE 1, RADICAL-INDUCED CELL DEATH 3, RCD3, SLAC1, SLOW ANION CHANNEL-ASSOCIATED 1"
"GO:0010118","GO:0010118","stomatal movement","AT1G16540","IMP","838224","ABA3","molybdenum cofactor sulfurase (LOS5) (ABA3) [Arabidopsis thaliana (thale cress)]","AT1G16540, ABA DEFICIENT 3, ACI2, ALTERED CHLOROPLAST IMPORT 2, ATABA3, AtLOS5, F19K19.13, F19K19_13, LOS5, LOW OSMOTIC STRESS 5, MOLYBDENUM COFACTOR SULFURASE, SIR3, SIRTINOL RESISTANT 3"
"GO:0010118","GO:0010118","stomatal movement","AT1G30270","IMP","839907","CIPK23","CBL-interacting protein kinase 23 [Arabidopsis thaliana (thale cress)]","AT1G30270, ATCIPK23, CBL-interacting protein kinase 23, F12P21.6, F12P21_6, LKS1, LOW-K+-SENSITIVE 1, PKS17, SNF1-RELATED PROTEIN KINASE 3.23, SOS2-like protein kinase 17, SnRK3.23"
"GO:0010118","GO:0010118","stomatal movement","AT1G32080","IMP","840100","LrgB","membrane protein [Arabidopsis thaliana (thale cress)]","AT1G32080, AtLrgB, F3C3.12"
"GO:0010118","GO:0010118","stomatal movement","AT1G74710","IMP","843810","EDS16","ADC synthase superfamily protein [Arabidopsis thaliana (thale cress)]","AT1G74710, ARABIDOPSIS ISOCHORISMATE SYNTHASE 1, ATICS1, ENHANCED DISEASE SUSCEPTIBILITY TO ERYSIPHE ORONTII 16, F25A4.31, ICS1, ISOCHORISMATE SYNTHASE, ISOCHORISMATE SYNTHASE 1, SALICYLIC ACID INDUCTION DEFICIENT 2, SID2"
"GO:0010118","GO:0010118","stomatal movement","AT2G17260","IMP","816231","GLR2","glutamate receptor 2 [Arabidopsis thaliana (thale cress)]","AT2G17260, ATGLR2, ATGLR3.1, F5J6.2, F5J6_2, GLR3.1, GLUTAMATE RECEPTOR 2, glutamate receptor 2"
"GO:0010118","GO:0010118","stomatal movement","AT2G31470","IMP","817705","DOR","F-box and associated interaction domains-containing protein [Arabidopsis thaliana (thale cress)]","AT2G31470, DROUGHT TOLERANCE REPRESSOR, T28P16.4, T28P16_4"
"GO:0010118","GO:0010118","stomatal movement","AT2G33380","IMP","817901","RD20","Caleosin-related family protein [Arabidopsis thaliana (thale cress)]","AT2G33380, Arabidopsis thaliana caleosin 3, AtCLO3, AtRD20, CALEOSIN 3, CLO-3, CLO3, F4P9.15, F4P9_15, PXG3, RESPONSIVE TO DESSICATION 20, caleosin 3, peroxygenase 3"
"GO:0010118","GO:0010118","stomatal movement","AT2G39940","IMP","818581","COI1","RNI-like superfamily protein [Arabidopsis thaliana (thale cress)]","AT2G39940, CORONATINE INSENSITIVE 1, T28M21.10, T28M21_10"
"GO:0010118","GO:0010118","stomatal movement","AT2G47800","IMP","819392","ABCC4","multidrug resistance-associated protein 4 [Arabidopsis thaliana (thale cress)]","AT2G47800, ATMRP4, ATP-binding cassette C4, EST3, F17A22.19, MRP4, multidrug resistance-associated protein 4"
"GO:0010118","GO:0010118","stomatal movement","AT3G08590","IGI","820006","iPGAM2","Phosphoglycerate mutase, 2,3-bisphosphoglycerate-independent [Arabidopsis thaliana (thale cress)]","AT3G08590, 2, 3-biphosphoglycerate-independent phosphoglycerate mutase 2"
"GO:0010118","GO:0010118","stomatal movement","AT3G11130","IMP","820284","AT3G11130","Clathrin, heavy chain [Arabidopsis thaliana (thale cress)]","AT3G11130, AtCHC1, CHC1, F11B9.30, clathrin heavy chain 1"
"GO:0010118","GO:0010118","stomatal movement","AT3G51550","IGI","824318","FER","Malectin/receptor-like protein kinase family protein [Arabidopsis thaliana (thale cress)]","AT3G51550, FERONIA"
"GO:0010118","GO:0010118","stomatal movement","AT3G56960","IMP","824863","PIP5K4","phosphatidyl inositol monophosphate 5 kinase 4 [Arabidopsis thaliana (thale cress)]","AT3G56960, T8M16.6, phosphatidyl inositol monophosphate 5 kinase 4"
"GO:0010118","GO:0010118","stomatal movement","AT4G08920","IMP","826470","CRY1","cryptochrome 1 [Arabidopsis thaliana (thale cress)]","AT4G08920, ATCRY1, BLU1, BLUE LIGHT UNINHIBITED 1, CRYPTOCHROME 1 APOPROTEIN (BLUE LIGHT PHOTORECEPTOR, ELONGATED HYPOCOTYL 4, HY4, OOP2, OUT OF PHASE 2, T3H13.14, T3H13_14, cryptochrome 1"
"GO:0010118","GO:0010118","stomatal movement","AT4G08920","IGI","826470","CRY1","cryptochrome 1 [Arabidopsis thaliana (thale cress)]","AT4G08920, ATCRY1, BLU1, BLUE LIGHT UNINHIBITED 1, CRYPTOCHROME 1 APOPROTEIN (BLUE LIGHT PHOTORECEPTOR, ELONGATED HYPOCOTYL 4, HY4, OOP2, OUT OF PHASE 2, T3H13.14, T3H13_14, cryptochrome 1"
"GO:0010118","GO:0010118","stomatal movement","AT4G12290","IMP","826838","AT4G12290","Copper amine oxidase family protein [Arabidopsis thaliana (thale cress)]","AT4G12290, T4C9.130, T4C9_130"
"GO:0010118","GO:0010118","stomatal movement","AT4G17615","IGI","827481","CBL1","calcineurin B-like protein 1 [Arabidopsis thaliana (thale cress)]","AT4G17615, ARABIDOPSIS THALIANA CALCINEURIN B-LIKE PROTEIN, ATCBL1, FCAALL.122, SCABP5, SOS3-LIKE CALCIUM BINDING PROTEIN 5, calcineurin B-like protein 1"
"GO:0010118","GO:0010118","stomatal movement","AT4G17970","IMP","827522","ALMT12","aluminum-activated, malate transporter 12 [Arabidopsis thaliana (thale cress)]","AT4G17970, ATALMT12, QUAC1, T6K21.150, T6K21_150, aluminum-activated, malate transporter 12, quick-activating anion channel 1"
"GO:0010118","GO:0010118","stomatal movement","AT4G18290","IMP","827555","KAT2","potassium channel KAT1-like protein [Arabidopsis thaliana (thale cress)]","AT4G18290, T9A21.140, T9A21_140, VOLTAGE-GATED POTASSIUM CHANNEL 2, potassium channel in Arabidopsis thaliana 2"
"GO:0010118","GO:0010118","stomatal movement","AT4G24020","IMP","828502","NLP7","NIN like protein 7 [Arabidopsis thaliana (thale cress)]","AT4G24020, NIN like protein 7, T19F6.10, T19F6_10"
"GO:0010118","GO:0010118","stomatal movement","AT4G32150","IMP","829347","VAMP711","vesicle-associated membrane protein 711 [Arabidopsis thaliana (thale cress)]","AT4G32150, ATVAMP711, F10N7.40, F10N7_40, vesicle-associated membrane protein 711"
"GO:0010118","GO:0010118","stomatal movement","AT4G33950","IMP","829541","OST1","Protein kinase superfamily protein [Arabidopsis thaliana (thale cress)]","AT4G33950, ATOST1, F17I5.140, F17I5_140, OPEN STOMATA 1, P44, SNF1-RELATED PROTEIN KINASE 2.6, SNRK2-6, SNRK2.6, SRK2E, SUCROSE NONFERMENTING 1-RELATED PROTEIN KINASE 2-6"
"GO:0010118","GO:0010118","stomatal movement","AT4G34460","IGI","829597","AGB1","GTP binding protein beta 1 [Arabidopsis thaliana (thale cress)]","AT4G34460, ARABIDOPSIS G-PROTEIN BETA SUBUNIT, ATAGB1, ELK4, ERECTA-LIKE 4, GTP binding protein beta 1, T4L20.40, T4L20_40"
"GO:0010118","GO:0010118","stomatal movement","AT5G04310","IMP","830310","AT5G04310","Pectin lyase-like superfamily protein [Arabidopsis thaliana (thale cress)]","AT5G04310, T19N18.40, T19N18_40"
"GO:0010118","GO:0010118","stomatal movement","AT5G06970","IMP","830588","AT5G06970","plant/protein (DUF810) [Arabidopsis thaliana (thale cress)]","AT5G06970, MOJ9.14, MOJ9_14"
"GO:0010118","GO:0010118","stomatal movement","AT5G11270","IMP","830997","OCP3","overexpressor of cationic peroxidase 3 [Arabidopsis thaliana (thale cress)]","AT5G11270, F2I11.160, F2I11_160, overexpressor of cationic peroxidase 3"
"GO:0010118","GO:0010118","stomatal movement","AT5G46220","IMP","834664","AT5G46220","transmembrane protein (DUF616) [Arabidopsis thaliana (thale cress)]","AT5G46220, MDE13.4, MDE13_4"
"GO:0010118","GO:0010118","stomatal movement","AT5G46860","IMP","834730","VAM3","Syntaxin/t-SNARE family protein [Arabidopsis thaliana (thale cress)]","AT5G46860, ARABIDOPSIS THALIANA SYNTAXIN OF PLANTS 22, ARABIDOPSIS THALIANA VACUOLAR MORPHOLOGY 3, ATSYP22, ATVAM3, SGR3, SHOOT GRAVITROPISM 3, SYNTAXIN OF PLANTS 22, SYP22, VACUOLAR MORPHOLOGY 3"
"GO:0010118","GO:0010118","stomatal movement","AT5G47100","IGI","834756","CBL9","calcineurin B-like protein 9 [Arabidopsis thaliana (thale cress)]","AT5G47100, ATCBL9, K14A3.5, K14A3_5, calcineurin B-like protein 9"
"GO:0010118","GO:0010118","stomatal movement","AT5G58140","IGI","835926","PHOT2","phototropin 2 [Arabidopsis thaliana (thale cress)]","AT5G58140, AtPHOT2, K21L19.6, K21L19_6, NON PHOTOTROPIC HYPOCOTYL 1-LIKE, NPL1, phototropin 2"
"GO:0010118","GO:0010118","stomatal movement","AT5G58140","IMP","835926","PHOT2","phototropin 2 [Arabidopsis thaliana (thale cress)]","AT5G58140, AtPHOT2, K21L19.6, K21L19_6, NON PHOTOTROPIC HYPOCOTYL 1-LIKE, NPL1, phototropin 2"
"GO:0010118","GO:0010118","stomatal movement","AT5G59220","IMP","836040","HAI1","PP2C protein (Clade A protein phosphatases type 2C) [Arabidopsis thaliana (thale cress)]","AT5G59220, MNC17.13, MNC17_13, SAG113, highly ABA-induced PP2C gene 1, senescence associated gene 113"
"GO:0010118","GO:0010118","stomatal movement","AT5G65590","IMP","836685","AT5G65590","Dof-type zinc finger DNA-binding family protein [Arabidopsis thaliana (thale cress)]","AT5G65590, K21L13.10, K21L13_10, SCAP1, STOMATAL CARPENTER 1"
"GO:0010118","GO:0010119","regulation of stomatal movement","AT1G05805","IDA","837090","AT1G05805","basic helix-loop-helix (bHLH) DNA-binding superfamily protein [Arabidopsis thaliana (thale cress)]","AT1G05805, ABA-responsive kinase substrate 2, AKS2"
"GO:0010118","GO:0010119","regulation of stomatal movement","AT1G09540","IBA","837480","MYB61","myb domain protein 61 [Arabidopsis thaliana (thale cress)]","AT1G09540, ARABIDOPSIS THALIANA MYB DOMAIN PROTEIN 61, ATMYB61, F14J9.20, F14J9_20, myb domain protein 61"
"GO:0010118","GO:0010119","regulation of stomatal movement","AT1G09540","IMP","837480","MYB61","myb domain protein 61 [Arabidopsis thaliana (thale cress)]","AT1G09540, ARABIDOPSIS THALIANA MYB DOMAIN PROTEIN 61, ATMYB61, F14J9.20, F14J9_20, myb domain protein 61"
"GO:0010118","GO:0010119","regulation of stomatal movement","AT1G10560","IMP","837597","PUB18","plant U-box 18 [Arabidopsis thaliana (thale cress)]","AT1G10560, ARABIDOPSIS THALIANA PLANT U-BOX 18, ATPUB18, T10O24.19, T10O24_19, plant U-box 18"
"GO:0010118","GO:0010119","regulation of stomatal movement","AT1G15440","IMP","838115","PWP2","periodic tryptophan protein 2 [Arabidopsis thaliana (thale cress)]","AT1G15440, (PERIODIC TRYPTOPHAN PROTEIN 2, ATPWP2, F9L1.40, F9L1_40, PERIODIC TRYPTOPHAN PROTEIN 2, periodic tryptophan protein 2"
"GO:0010118","GO:0010119","regulation of stomatal movement","AT1G20090","IMP","838598","ROP2","RHO-related protein from plants 2 [Arabidopsis thaliana (thale cress)]","AT1G20090, ARAC4, ATRAC4, ATROP2, Arabidopsis RAC-like 4, GTP-BINDING PROTEIN ARAC4, RHO-related protein from plants 2, T20H2.12, T20H2_12"
"GO:0010118","GO:0010119","regulation of stomatal movement","AT1G25490","IMP","839135","RCN1","ARM repeat superfamily protein [Arabidopsis thaliana (thale cress)]","AT1G25490, ATB BETA BETA, EER1, ENHANCED ETHYLENE RESPONSE 1, F2J7.19, F2J7_19, PHOSPHOPROTEIN PHOSPHATASE 2A REGULATORY SUBUNIT A, REGA, ROOTS CURL IN NPA, SERINE/THREONINE PROTEIN PHOSPHATASE TYPE 2A REGULATORY SUBUNIT A"
"GO:0010118","GO:0010119","regulation of stomatal movement","AT1G30270","IMP","839907","CIPK23","CBL-interacting protein kinase 23 [Arabidopsis thaliana (thale cress)]","AT1G30270, ATCIPK23, CBL-interacting protein kinase 23, F12P21.6, F12P21_6, LKS1, LOW-K+-SENSITIVE 1, PKS17, SNF1-RELATED PROTEIN KINASE 3.23, SOS2-like protein kinase 17, SnRK3.23"
"GO:0010118","GO:0010119","regulation of stomatal movement","AT1G51140","IDA","841537","FBH3","basic helix-loop-helix (bHLH) DNA-binding superfamily protein [Arabidopsis thaliana (thale cress)]","AT1G51140, ABA-responsive kinase substrate 1, AKS1, F23H24.3, F23H24_3, FLOWERING BHLH 3"
"GO:0010118","GO:0010119","regulation of stomatal movement","AT1G51850","IMP","841612","AT1G51850","Leucine-rich repeat protein kinase family protein [Arabidopsis thaliana (thale cress)]","AT1G51850, T14L22.6, T14L22_6"
"GO:0010118","GO:0010119","regulation of stomatal movement","AT1G52400","IMP","841670","BGLU18","beta glucosidase 18 [Arabidopsis thaliana (thale cress)]","AT1G52400, A. THALIANA BETA-GLUCOSIDASE 1, ATBG1, BETA-GLUCOSIDASE HOMOLOG 1, BGL1, F19K6.15, F19K6_15, beta glucosidase 18"
"GO:0010118","GO:0010119","regulation of stomatal movement","AT1G57560","IBA","842131","MYB50","myb domain protein 50 [Arabidopsis thaliana (thale cress)]","AT1G57560, AtMYB50, T8L23.3, T8L23_3, myb domain protein 50"
"GO:0010118","GO:0010119","regulation of stomatal movement","AT1G62400","IMP","842538","HT1","Protein kinase superfamily protein [Arabidopsis thaliana (thale cress)]","AT1G62400, F24O1.13, F24O1_13, high leaf temperature 1"
"GO:0010118","GO:0010119","regulation of stomatal movement","AT1G62400","IDA","842538","HT1","Protein kinase superfamily protein [Arabidopsis thaliana (thale cress)]","AT1G62400, F24O1.13, F24O1_13, high leaf temperature 1"
"GO:0010118","GO:0010119","regulation of stomatal movement","AT1G64060","IMP","842710","RBOH F","respiratory burst oxidase protein F [Arabidopsis thaliana (thale cress)]","AT1G64060, ARABIDOPSIS THALIANA RESPIRATORY BURST OXIDASE HOMOLOG  F, ARABIDOPSIS THALIANA RESPIRATORY BURST OXIDASE HOMOLOG F, ATRBOH F, ATRBOHF, CYTOCHROME B245 BETA CHAIN HOMOLOG RBOHAP108, F22C12.18, F22C12_18, RBOHAP108, RBOHF, RESPIRATORY BURST OXIDASE PROTEIN F, respiratory burst oxidase protein F"
"GO:0010118","GO:0010119","regulation of stomatal movement","AT1G65480","IMP","842859","FT","PEBP (phosphatidylethanolamine-binding protein) family protein [Arabidopsis thaliana (thale cress)]","AT1G65480, F5I14.3, F5I14_3, FLOWERING LOCUS T, REDUCED STEM BRANCHING 8, RSB8"
"GO:0010118","GO:0010119","regulation of stomatal movement","AT1G66340","IMP","842951","ETR1","Signal transduction histidine kinase, hybrid-type, ethylene sensor [Arabidopsis thaliana (thale cress)]","AT1G66340, AtETR1, EIN1, ETHYLENE INSENSITIVE 1, ETHYLENE RESPONSE, ETHYLENE RESPONSE 1, ETR, HISTIDINE KINASE ETR1, T27F4.9, T27F4_9"
"GO:0010118","GO:0010119","regulation of stomatal movement","AT1G69530","IMP","843288","EXPA1","expansin A1 [Arabidopsis thaliana (thale cress)]","AT1G69530, AT-EXP1, ATEXP1, ATEXPA1, ATHEXP ALPHA 1.2, EXP1, EXPANSIN 1, F10D13.18, F10D13_18, expansin A1"
"GO:0010118","GO:0010119","regulation of stomatal movement","AT1G69850","IMP","843321","NRT1:2","nitrate transporter 1:2 [Arabidopsis thaliana (thale cress)]","AT1G69850, ABA-importing transporter 1, AIT1, ATNRT1:2, AtNPF4.6, NPF4.6, NRT1.2, NRT1/ PTR family 4.6, NTL1, T17F3.12, T17F3_12, nitrate transporter 1:2"
"GO:0010118","GO:0010119","regulation of stomatal movement","AT1G70410","IGI","843377","BCA4","beta carbonic anhydrase 4 [Arabidopsis thaliana (thale cress)]","AT1G70410, ATBCA4, BETA CARBONIC ANHYDRASE 4, CA4, F17O7.5, F17O7_5, beta carbonic anhydrase 4"
"GO:0010118","GO:0010119","regulation of stomatal movement","AT1G75380","IMP","843874","BBD1","bifunctional nuclease in basal defense response 1 [Arabidopsis thaliana (thale cress)]","AT1G75380, ATBBD1, F1B16.9, F1B16_9, bifunctional nuclease in basal defense response 1"
"GO:0010118","GO:0010119","regulation of stomatal movement","AT2G17290","IMP","816235","CPK6","Calcium-dependent protein kinase family protein [Arabidopsis thaliana (thale cress)]","AT2G17290, ARABIDOPSIS THALIANA CALCIUM-DEPENDENT PROTEIN KINASE 6, ARABIDOPSIS THALIANA CALMODULIN-DOMAIN PROTEIN KINASE 3, ATCDPK3, ATCPK6, CALCIUM-DEPENDENT PROTEIN KINASE 6, CALMODULIN-DOMAIN PROTEIN KINASE 3, F5J6.13, F5J6_13, calcium dependent protein kinase 6"
"GO:0010118","GO:0010119","regulation of stomatal movement","AT2G18960","IMP","816413","HA1","H[+]-ATPase 1 [Arabidopsis thaliana (thale cress)]","AT2G18960, AHA1, F19F24.16, F19F24_16, H(+)-ATPase 1, OPEN STOMATA 2, OST2, PLASMA MEMBRANE PROTON ATPASE, PMA"
"GO:0010118","GO:0010119","regulation of stomatal movement","AT2G19690","IMP","816488","PLA2-BETA","phospholipase A2-beta [Arabidopsis thaliana (thale cress)]","AT2G19690, F6F22.28, F6F22_28, phospholipase A2-beta"
"GO:0010118","GO:0010119","regulation of stomatal movement","AT2G21660","IMP","816705","GRP7","cold, circadian rhythm, and rna binding 2 [Arabidopsis thaliana (thale cress)]","AT2G21660, ''cold, ATGPR7, ATGRP7, CCR2, F2G1.4, GLYCINE RICH PROTEIN 7, GLYCINE-RICH RNA-BINDING PROTEIN 7, GR-RBP7, and rna binding 2, and rna binding 2'', circadian rhythm, cold"
"GO:0010118","GO:0010119","regulation of stomatal movement","AT2G25930","IMP","817134","ELF3","hydroxyproline-rich glycoprotein family protein [Arabidopsis thaliana (thale cress)]","AT2G25930, EARLY FLOWERING 3, F17H15.25, PYK20"
"GO:0010118","GO:0010119","regulation of stomatal movement","AT2G26300","IMP","817170","GP ALPHA 1","G protein alpha subunit 1 [Arabidopsis thaliana (thale cress)]","AT2G26300, ARABIDOPSIS THALIANA G PROTEIN ALPHA SUBUNIT 1, ATGPA1, G PROTEIN ALPHA SUBUNIT, G PROTEIN ALPHA SUBUNIT 1, G protein alpha subunit 1, GPA1, T1D16.6, T1D16_6"
"GO:0010118","GO:0010119","regulation of stomatal movement","AT2G26300","TAS","817170","GP ALPHA 1","G protein alpha subunit 1 [Arabidopsis thaliana (thale cress)]","AT2G26300, ARABIDOPSIS THALIANA G PROTEIN ALPHA SUBUNIT 1, ATGPA1, G PROTEIN ALPHA SUBUNIT, G PROTEIN ALPHA SUBUNIT 1, G protein alpha subunit 1, GPA1, T1D16.6, T1D16_6"
"GO:0010118","GO:0010119","regulation of stomatal movement","AT2G26670","IGI","817208","TED4","Plant heme oxygenase (decyclizing) family protein [Arabidopsis thaliana (thale cress)]","AT2G26670, ARABIDOPSIS THALIANA HEME OXYGENASE 1, ATHO1, F18A8.4, F18A8_4, GENOMES UNCOUPLED 2, GUN2, HEME OXYGENASE, HEME OXYGENASE 1, HEME OXYGENASE 6, HO1, HY1, HY6, PLASTID HEME OXYGENASE, REVERSAL OF THE DET PHENOTYPE 4"
"GO:0010118","GO:0010119","regulation of stomatal movement","AT2G26770","IMP","817218","SCAB1","plectin-like protein [Arabidopsis thaliana (thale cress)]","AT2G26770, F18A8.14, F18A8_14, stomatal closure-related actin binding protein 1"
"GO:0010118","GO:0010119","regulation of stomatal movement","AT2G31470","IMP","817705","DOR","F-box and associated interaction domains-containing protein [Arabidopsis thaliana (thale cress)]","AT2G31470, DROUGHT TOLERANCE REPRESSOR, T28P16.4, T28P16_4"
"GO:0010118","GO:0010119","regulation of stomatal movement","AT2G32950","IMP","817857","COP1","Transducin/WD40 repeat-like superfamily protein [Arabidopsis thaliana (thale cress)]","AT2G32950, ARABIDOPSIS THALIANA CONSTITUTIVE PHOTOMORPHOGENIC 1, ATCOP1, CONSTITUTIVE PHOTOMORPHOGENIC 1, DEETIOLATED MUTANT 340, DET340, EMB168, EMBRYO DEFECTIVE 168, FUS1, FUSCA 1, T21L14.11, T21L14_11"
"GO:0010118","GO:0010119","regulation of stomatal movement","AT2G32950","IGI","817857","COP1","Transducin/WD40 repeat-like superfamily protein [Arabidopsis thaliana (thale cress)]","AT2G32950, ARABIDOPSIS THALIANA CONSTITUTIVE PHOTOMORPHOGENIC 1, ATCOP1, CONSTITUTIVE PHOTOMORPHOGENIC 1, DEETIOLATED MUTANT 340, DET340, EMB168, EMBRYO DEFECTIVE 168, FUS1, FUSCA 1, T21L14.11, T21L14_11"
"GO:0010118","GO:0010119","regulation of stomatal movement","AT2G39660","IGI","818549","BIK1","botrytis-induced kinase1 [Arabidopsis thaliana (thale cress)]","AT2G39660, F12L6.32, F12L6_32, botrytis-induced kinase1"
"GO:0010118","GO:0010119","regulation of stomatal movement","AT2G40220","IGI","818614","ABI4","Integrase-type DNA-binding superfamily protein [Arabidopsis thaliana (thale cress)]","AT2G40220, ABA INSENSITIVE 4, ABSCISIC ACID-INSENSITIVE PROTEIN 4, ATABI4, GIN6, GLUCOSE INSENSITIVE 6, IMPAIRED SUCROSE INDUCTION 3, ISI3, SALOBRENO 5, SAN5, SIS5, SUCROSE UNCOUPLED 6, SUGAR-INSENSITIVE 5, SUN6, T7M7.16"
"GO:0010118","GO:0010119","regulation of stomatal movement","AT2G40820","IEA","818679","AT2G40820","stomatal closure actin-binding-like protein [Arabidopsis thaliana (thale cress)]","AT2G40820, T20B5.2, T20B5_2"
"GO:0010118","GO:0010119","regulation of stomatal movement","AT2G46070","IMP","819215","MPK12","mitogen-activated protein kinase 12 [Arabidopsis thaliana (thale cress)]","AT2G46070, ATMPK12, MAPK12, T3F17.28, mitogen-activated protein kinase 12"
"GO:0010118","GO:0010119","regulation of stomatal movement","AT2G46370","IMP","819244","JAR1","Auxin-responsive GH3 family protein [Arabidopsis thaliana (thale cress)]","AT2G46370, AtGH3.11, F11C10.6, FAR-RED INSENSITIVE 219, FIN219, JASMONATE RESISTANT 1"
"GO:0010118","GO:0010119","regulation of stomatal movement","AT3G01500","IGI","821134","CA1","carbonic anhydrase 1 [Arabidopsis thaliana (thale cress)]","AT3G01500, ARABIDOPSIS THALIANA SALICYLIC ACID-BINDING PROTEIN 3, ATBCA1, ATSABP3, BETA CARBONIC ANHYDRASE 1, F4P13.5, F4P13_5, SABP3, SALICYLIC ACID-BINDING PROTEIN 3, carbonic anhydrase 1"
"GO:0010118","GO:0010119","regulation of stomatal movement","AT3G11410","IMP","820314","PP2CA","protein phosphatase 2CA [Arabidopsis thaliana (thale cress)]","AT3G11410, AHG3, ARABIDOPSIS THALIANA PROTEIN PHOSPHATASE 2CA, ATPP2CA, protein phosphatase 2CA"
"GO:0010118","GO:0010119","regulation of stomatal movement","AT3G11820","IMP","820355","SYP121","syntaxin of plants 121 [Arabidopsis thaliana (thale cress)]","AT3G11820, AT-SYR1, ATSYP121, ATSYR1, PEN1, PENETRATION1, SYNTAXIN RELATED PROTEIN 1, SYR1, syntaxin of plants 121"
"GO:0010118","GO:0010119","regulation of stomatal movement","AT3G15730","IMP","820816","PLDALPHA1","phospholipase D alpha 1 [Arabidopsis thaliana (thale cress)]","AT3G15730, PHOSPHOLIPASE D, PLD, phospholipase D alpha 1"
"GO:0010118","GO:0010119","regulation of stomatal movement","AT3G45780","IMP","823721","PHOT1","phototropin 1 [Arabidopsis thaliana (thale cress)]","AT3G45780, F16L2.3, JK224, NONPHOTOTROPIC HYPOCOTYL 1, NPH1, PHOTOTROPIN, ROOT PHOTOTROPISM 1, RPT1, phototropin 1"
"GO:0010118","GO:0010119","regulation of stomatal movement","AT3G49220","IMP","824083","AT3G49220","Plant invertase/pectin methylesterase inhibitor superfamily [Arabidopsis thaliana (thale cress)]","AT3G49220"
"GO:0010118","GO:0010119","regulation of stomatal movement","AT3G51780","IGI","824341","BAG4","BCL-2-associated athanogene 4 [Arabidopsis thaliana (thale cress)]","AT3G51780, ATBAG4, BCL-2-associated athanogene 4"
"GO:0010118","GO:0010119","regulation of stomatal movement","AT3G56480","IEA","824815","AT3G56480","myosin heavy chain-like protein [Arabidopsis thaliana (thale cress)]","AT3G56480"
"GO:0010118","GO:0010119","regulation of stomatal movement","AT4G01370","IMP","828151","MPK4","MAP kinase 4 [Arabidopsis thaliana (thale cress)]","AT4G01370, ATMPK4, F2N1.1, F2N1_1, MAP kinase 4, MAPK4"
"GO:0010118","GO:0010119","regulation of stomatal movement","AT4G01680","IBA","826853","MYB55","myb domain protein 55 [Arabidopsis thaliana (thale cress)]","AT4G01680, AtMYB55, T15B16.4, T15B16_4, myb domain protein 55"
"GO:0010118","GO:0010119","regulation of stomatal movement","AT4G03560","IMP","825655","TPC1","two-pore channel 1 [Arabidopsis thaliana (thale cress)]","AT4G03560, ATCCH1, ATTPC1, CALCIUM CHANNEL 1, FATTY ACID OXYGENATION UPREGULATED 2, FOU2, T5L23.5, two-pore  channel 1, two-pore channel 1"
"GO:0010118","GO:0010119","regulation of stomatal movement","AT4G04740","NAS","825809","CPK23","calcium-dependent protein kinase 23 [Arabidopsis thaliana (thale cress)]","AT4G04740, ATCPK23, T4B21.15, T4B21_15, calcium-dependent protein kinase 23"
"GO:0010118","GO:0010119","regulation of stomatal movement","AT4G04740","IMP","825809","CPK23","calcium-dependent protein kinase 23 [Arabidopsis thaliana (thale cress)]","AT4G04740, ATCPK23, T4B21.15, T4B21_15, calcium-dependent protein kinase 23"
"GO:0010118","GO:0010119","regulation of stomatal movement","AT4G16110","IMP","827297","RR2","response regulator 2 [Arabidopsis thaliana (thale cress)]","AT4G16110, ARR2, DL4095W, FCAALL.287, response regulator 2"
"GO:0010118","GO:0010119","regulation of stomatal movement","AT4G18950","IMP","827630","AT4G18950","Integrin-linked protein kinase family [Arabidopsis thaliana (thale cress)]","AT4G18950, F13C5.120, F13C5_120"
"GO:0010118","GO:0010119","regulation of stomatal movement","AT4G23650","IMP","828465","CDPK6","calcium-dependent protein kinase 6 [Arabidopsis thaliana (thale cress)]","AT4G23650, AtCDPK6, CALCIUM-DEPENDENT PROTEIN KINASE 6, CPK3, Calcium dependent protein kinase 3, F9D16.120, F9D16_120, calcium-dependent protein kinase 6"
"GO:0010118","GO:0010119","regulation of stomatal movement","AT4G26080","IMP","828714","ABI1","Protein phosphatase 2C family protein [Arabidopsis thaliana (thale cress)]","AT4G26080, ABA INSENSITIVE 1, AtABI1, F20B18.190, F20B18_190, PROTEIN PHOSPHATASE 2C ABI1"
"GO:0010118","GO:0010119","regulation of stomatal movement","AT4G33050","IMP","829442","EDA39","calmodulin-binding family protein [Arabidopsis thaliana (thale cress)]","AT4G33050, AtIQM1, F4I10.2, IQ-motif protein 1, IQM1, embryo sac development arrest 39"
"GO:0010118","GO:0010119","regulation of stomatal movement","AT4G33950","IMP","829541","OST1","Protein kinase superfamily protein [Arabidopsis thaliana (thale cress)]","AT4G33950, ATOST1, F17I5.140, F17I5_140, OPEN STOMATA 1, P44, SNF1-RELATED PROTEIN KINASE 2.6, SNRK2-6, SNRK2.6, SRK2E, SUCROSE NONFERMENTING 1-RELATED PROTEIN KINASE 2-6"
"GO:0010118","GO:0010119","regulation of stomatal movement","AT4G40100","IMP","830173","PRSL1","GRAM domain family protein [Arabidopsis thaliana (thale cress)]","AT4G40100, PRS2-like protein 1, T5J17.2, T5J17_2"
"GO:0010118","GO:0010119","regulation of stomatal movement","AT5G03280","IMP","831889","EIN2","NRAMP metal ion transporter family protein [Arabidopsis thaliana (thale cress)]","AT5G03280, ATEIN2, CKR1, CYTOKININ RESISTANT 1, ENHANCED RESPONSE TO ABA3, ERA3, ETHYLENE INSENSITIVE 2, F12E4.10, F12E4_10, ORE2, ORE3, ORESARA 2, ORESARA 3, PIR2"
"GO:0010118","GO:0010119","regulation of stomatal movement","AT5G20090","IMP","832131","AT5G20090","Uncharacterized protein family (UPF0041) [Arabidopsis thaliana (thale cress)]","AT5G20090, AtMPC1, F28I16.240, F28I16_240, MPC1, mitochondrial pyruvate carrier 1"
"GO:0010118","GO:0010119","regulation of stomatal movement","AT5G23720","IMP","832437","PHS1","dual specificity protein phosphatase family protein [Arabidopsis thaliana (thale cress)]","AT5G23720, MQM1.1, MQM1_1, PROPYZAMIDE-HYPERSENSITIVE 1"
"GO:0010118","GO:0010119","regulation of stomatal movement","AT5G25980","IMP","832667","TGG2","glucoside glucohydrolase 2 [Arabidopsis thaliana (thale cress)]","AT5G25980, BETA GLUCOSIDASE 37, BGLU37, T1N24.18, T1N24_18, glucoside glucohydrolase 2"
"GO:0010118","GO:0010119","regulation of stomatal movement","AT5G26000","IMP","832669","TGG1","thioglucoside glucohydrolase 1 [Arabidopsis thaliana (thale cress)]","AT5G26000, AtTGG1, BETA GLUCOSIDASE 38, BGLU38, THIOGLUCOSIDE GLUCOHYDROLASE, thioglucoside glucohydrolase 1"
"GO:0010118","GO:0010119","regulation of stomatal movement","AT5G26660","IBA","832723","MYB86","myb domain protein 86 [Arabidopsis thaliana (thale cress)]","AT5G26660, ATMYB4, ATMYB4-old, ATMYB86, myb domain protein 4, myb domain protein 86"
"GO:0010118","GO:0010119","regulation of stomatal movement","AT5G27620","IMP","832824","CYCH;1","cyclin H;1 [Arabidopsis thaliana (thale cress)]","AT5G27620, F15A18.80, F15A18_80, cyclin H;1"
"GO:0010118","GO:0010119","regulation of stomatal movement","AT5G44790","IMP","834509","RAN1","copper-exporting ATPase / responsive-to-antagonist 1 / copper-transporting ATPase (RAN1) [Arabidopsis thaliana (thale cress)]","AT5G44790, HMA7, K23L20.14, K23L20_14, RESPONSIVE-TO-ANTAGONIST 1"
"GO:0010118","GO:0010119","regulation of stomatal movement","AT5G54270","IMP","835515","LHCB3","light-harvesting chlorophyll B-binding protein 3 [Arabidopsis thaliana (thale cress)]","AT5G54270, LHCB3*1, MDK4.9, MDK4_9, light-harvesting chlorophyll B-binding protein 3"
"GO:0010118","GO:0010119","regulation of stomatal movement","AT5G55630","IMP","835657","KCO1","Outward rectifying potassium channel protein [Arabidopsis thaliana (thale cress)]","AT5G55630, ATKCO1, ATTPK1, CA2+ ACTIVATED OUTWARD RECTIFYING K+ CHANNEL 1, MDF20.7, MDF20_7, TANDEM PORE K+ CHANNEL 1, TPK1, TWO PORE K CHANNEL, TWO PORE K CHANNEL 1"
"GO:0010374","GO:0010374","stomatal complex development","AT1G09470","IEA","837470","AT1G09470","myosin heavy chain, cardiac protein [Arabidopsis thaliana (thale cress)]","AT1G09470, F14J9.13, F14J9_13"
"GO:0010374","GO:0010374","stomatal complex development","AT1G32640","IGI","840158","MYC2","Basic helix-loop-helix (bHLH) DNA-binding family protein [Arabidopsis thaliana (thale cress)]","AT1G32640, ATMYC2, F6N18.4, F6N18_4, JAI1, JASMONATE INSENSITIVE 1, JIN1, RD22BP1, ZBF1"
"GO:0010374","GO:0010374","stomatal complex development","AT1G34245","IMP","840324","EPF2","Putative membrane lipoprotein [Arabidopsis thaliana (thale cress)]","AT1G34245, EPIDERMAL PATTERNING FACTOR 2"
"GO:0010374","GO:0010374","stomatal complex development","AT1G67040","IEA","843024","TRM22","DnaA initiator-associating protein [Arabidopsis thaliana (thale cress)]","AT1G67040, F1O19.10, F1O19_10, TON1 Recruiting Motif 22"
"GO:0010374","GO:0010374","stomatal complex development","AT1G71866","ISS","10723086","AT1G71866","EPIDERMAL PATTERNING FACTOR-like protein [Arabidopsis thaliana (thale cress)]","AT1G71866"
"GO:0010374","GO:0010374","stomatal complex development","AT1G80133","ISS","5007859","AT1G80133","EPIDERMAL PATTERNING FACTOR-like protein [Arabidopsis thaliana (thale cress)]","AT1G80133"
"GO:0010374","GO:0010374","stomatal complex development","AT1G80370","IGI","844377","CYCA2;4","Cyclin A2;4 [Arabidopsis thaliana (thale cress)]","AT1G80370, Cyclin A2;4, F5I6.12, F5I6_12"
"GO:0010374","GO:0010374","stomatal complex development","AT2G05760","IEA","815127","AT2G05760","Xanthine/uracil permease family protein [Arabidopsis thaliana (thale cress)]","AT2G05760, NAT1, T25M19.4, T25M19_4, nucleobase ascorbate transporter 1"
"GO:0010374","GO:0010374","stomatal complex development","AT2G15430","IMP","816035","NRPB3","DNA-directed RNA polymerase family protein [Arabidopsis thaliana (thale cress)]","AT2G15430, F26H6.5, F26H6_5, NRPD3, NRPE3A, RBP36A, RPB35.5A"
"GO:0010374","GO:0010374","stomatal complex development","AT2G16630","IMP","816164","AT2G16630","Pollen Ole e 1 allergen and extensin family protein [Arabidopsis thaliana (thale cress)]","AT2G16630, T24I21.4, T24I21_4"
"GO:0010374","GO:0010374","stomatal complex development","AT2G18790","IMP","816394","PHYB","phytochrome B [Arabidopsis thaliana (thale cress)]","AT2G18790, HY3, MSF3.17, MSF3_17, OOP1, OUT OF PHASE 1, PHYTOCHROME B, phytochrome B"
"GO:0010374","GO:0010374","stomatal complex development","AT2G20875","IGI","816621","EPF1","epidermal patterning factor 1 [Arabidopsis thaliana (thale cress)]","AT2G20875, EPIDERMAL PATTERNING FACTOR 1"
"GO:0010374","GO:0010374","stomatal complex development","AT2G30370","ISS","817587","CHAL","allergen-like protein [Arabidopsis thaliana (thale cress)]","AT2G30370, CHALLAH, EPF1-like 6, EPFL6, T9D9.18, T9D9_18"
"GO:0010374","GO:0010374","stomatal complex development","AT2G38160","IEA","818394","AT2G38160","hypothetical protein [Arabidopsis thaliana (thale cress)]","AT2G38160, F16M14.9, F16M14_9"
"GO:0010374","GO:0010374","stomatal complex development","AT2G42610","IEA","818861","LSH10","LIGHT-DEPENDENT SHORT HYPOCOTYLS-like protein (DUF640) [Arabidopsis thaliana (thale cress)]","AT2G42610, LIGHT SENSITIVE HYPOCOTYLS 10"
"GO:0010374","GO:0010374","stomatal complex development","AT3G02120","IEA","821311","AT3G02120","hydroxyproline-rich glycoprotein family protein [Arabidopsis thaliana (thale cress)]","AT3G02120, F1C9.2"
"GO:0010374","GO:0010374","stomatal complex development","AT3G06120","IBA","819785","MUTE","basic helix-loop-helix (bHLH) DNA-binding superfamily protein [Arabidopsis thaliana (thale cress)]","AT3G06120, F28L1.6, F28L1_6"
"GO:0010374","GO:0010374","stomatal complex development","AT3G06120","IMP","819785","MUTE","basic helix-loop-helix (bHLH) DNA-binding superfamily protein [Arabidopsis thaliana (thale cress)]","AT3G06120, F28L1.6, F28L1_6"
"GO:0010374","GO:0010374","stomatal complex development","AT3G07320","IEA","819920","AT3G07320","O-Glycosyl hydrolases family 17 protein [Arabidopsis thaliana (thale cress)]","AT3G07320, T1B9.1"
"GO:0010374","GO:0010374","stomatal complex development","AT3G20940","IEA","821644","CYP705A30","cytochrome P450, family 705, subfamily A, polypeptide 30 [Arabidopsis thaliana (thale cress)]","AT3G20940, ''cytochrome P450, cytochrome P450, family 705, polypeptide 30, polypeptide 30'', subfamily A"
"GO:0010374","GO:0010374","stomatal complex development","AT3G22820","IMP","821853","CLL1","allergen-like protein [Arabidopsis thaliana (thale cress)]","AT3G22820, CHALLAH-LIKE 1, EPFL5, epidermal patterning factor like 5"
"GO:0010374","GO:0010374","stomatal complex development","AT3G24140","IBA","822000","FMA","basic helix-loop-helix (bHLH) DNA-binding superfamily protein [Arabidopsis thaliana (thale cress)]","AT3G24140, FAMA"
"GO:0010374","GO:0010374","stomatal complex development","AT3G44960","IEA","823631","AT3G44960","shugoshin [Arabidopsis thaliana (thale cress)]","AT3G44960"
"GO:0010374","GO:0010374","stomatal complex development","AT3G52110","IEA","824374","AT3G52110","interferon-activable protein [Arabidopsis thaliana (thale cress)]","AT3G52110"
"GO:0010374","GO:0010374","stomatal complex development","AT3G61610","IEA","825334","AT3G61610","Galactose mutarotase-like superfamily protein [Arabidopsis thaliana (thale cress)]","AT3G61610, F15G16.1"
"GO:0010374","GO:0010374","stomatal complex development","AT4G12540","IEA","826866","AT4G12540","hypothetical protein [Arabidopsis thaliana (thale cress)]","AT4G12540, T1P17.130, T1P17_130"
"GO:0010374","GO:0010374","stomatal complex development","AT4G12970","ISS","826909","STOMAGEN","stomagen [Arabidopsis thaliana (thale cress)]","AT4G12970, EPFL9, F25G13.60, F25G13_60"
"GO:0010374","GO:0010374","stomatal complex development","AT4G14723","IMP","3769880","CLL2","EPIDERMAL PATTERNING FACTOR-like protein [Arabidopsis thaliana (thale cress)]","AT4G14723, CHALLAH-LIKE 2, EPFL4, epidermal patterning factor like 4"
"GO:0010374","GO:0010374","stomatal complex development","AT4G17880","IGI","827511","MYC4","Basic helix-loop-helix (bHLH) DNA-binding family protein [Arabidopsis thaliana (thale cress)]","AT4G17880, T6K21.60, T6K21_60"
"GO:0010374","GO:0010374","stomatal complex development","AT4G36180","IEA","829775","AT4G36180","Leucine-rich receptor-like protein kinase family protein [Arabidopsis thaliana (thale cress)]","AT4G36180, F23E13.70, F23E13_70"
"GO:0010374","GO:0010374","stomatal complex development","AT4G37810","ISS","829937","AT4G37810","EPIDERMAL PATTERNING FACTOR-like protein [Arabidopsis thaliana (thale cress)]","AT4G37810"
"GO:0010374","GO:0010374","stomatal complex development","AT5G01910","IEA","831775","AT5G01910","myelin transcription factor [Arabidopsis thaliana (thale cress)]","AT5G01910, T20L15.180, T20L15_180"
"GO:0010374","GO:0010374","stomatal complex development","AT5G10310","ISS","830895","AT5G10310","EPIDERMAL PATTERNING FACTOR-like protein [Arabidopsis thaliana (thale cress)]","AT5G10310, F18D22.80, F18D22_80"
"GO:0010374","GO:0010374","stomatal complex development","AT5G46760","IGI","834719","MYC3","Basic helix-loop-helix (bHLH) DNA-binding family protein [Arabidopsis thaliana (thale cress)]","AT5G46760, MZA15.18, MZA15_18"
"GO:0010374","GO:0010374","stomatal complex development","AT5G53210","IBA","835402","SPCH","basic helix-loop-helix (bHLH) DNA-binding superfamily protein [Arabidopsis thaliana (thale cress)]","AT5G53210, MFH8.15, SPEECHLESS"
"GO:0010374","GO:0010374","stomatal complex development","AT5G53210","IMP","835402","SPCH","basic helix-loop-helix (bHLH) DNA-binding superfamily protein [Arabidopsis thaliana (thale cress)]","AT5G53210, MFH8.15, SPEECHLESS"
"GO:0010374","GO:0010374","stomatal complex development","AT5G60880","IMP","836209","BASL","breaking of asymmetry in the stomatal lineage [Arabidopsis thaliana (thale cress)]","AT5G60880, BREAKING OF ASYMMETRY IN THE STOMATAL LINEAGE, MAE1.13, MAE1_13"
"GO:0010374","GO:0010374","stomatal complex development","AT5G62710","IEA","836392","AT5G62710","Leucine-rich repeat protein kinase family protein [Arabidopsis thaliana (thale cress)]","AT5G62710, MQB2.1, MQB2_1"
"GO:0010374","GO:0010374","stomatal complex development","AT5G66230","IEA","836755","AT5G66230","Chalcone-flavanone isomerase family protein [Arabidopsis thaliana (thale cress)]","AT5G66230, K2A18.31, K2A18_31"
"GO:0010375","GO:0010375","stomatal complex patterning","AT1G08750","IMP","837397","AT1G08750","Peptidase C13 family [Arabidopsis thaliana (thale cress)]","AT1G08750, F22O13.24, F22O13_24"
"GO:0010375","GO:0010375","stomatal complex patterning","AT1G80080","IMP","844348","TMM","Leucine-rich repeat (LRR) family protein [Arabidopsis thaliana (thale cress)]","AT1G80080, AtRLP17, F18B13.16, F18B13_16, Receptor Like Protein 17, TOO MANY MOUTHS"
"GO:0010375","GO:0010375","stomatal complex patterning","AT1G80180","IMP","844358","AT1G80180","hypothetical protein [Arabidopsis thaliana (thale cress)]","AT1G80180, F18B13.26, F18B13_26"
"GO:0010375","GO:0010375","stomatal complex patterning","AT2G15430","IMP","816035","NRPB3","DNA-directed RNA polymerase family protein [Arabidopsis thaliana (thale cress)]","AT2G15430, F26H6.5, F26H6_5, NRPD3, NRPE3A, RBP36A, RPB35.5A"
"GO:0010375","GO:0010375","stomatal complex patterning","AT2G17820","IMP","816291","HK1","histidine kinase 1 [Arabidopsis thaliana (thale cress)]","AT2G17820, AHK1, ATHK1, T13L16.16, T13L16_16, histidine kinase 1"
"GO:0010375","GO:0010375","stomatal complex patterning","AT2G20875","IMP","816621","EPF1","epidermal patterning factor 1 [Arabidopsis thaliana (thale cress)]","AT2G20875, EPIDERMAL PATTERNING FACTOR 1"
"GO:0010375","GO:0010375","stomatal complex patterning","AT3G22760","IGI","821847","SOL1","Tesmin/TSO1-like CXC domain-containing protein [Arabidopsis thaliana (thale cress)]","AT3G22760"
"GO:0010375","GO:0010375","stomatal complex patterning","AT3G59350","IGI","825104","AT3G59350","Protein kinase superfamily protein [Arabidopsis thaliana (thale cress)]","AT3G59350"
"GO:0010375","GO:0010375","stomatal complex patterning","AT4G12970","IDA","826909","STOMAGEN","stomagen [Arabidopsis thaliana (thale cress)]","AT4G12970, EPFL9, F25G13.60, F25G13_60"
"GO:0010375","GO:0010375","stomatal complex patterning","AT4G12970","IMP","826909","STOMAGEN","stomagen [Arabidopsis thaliana (thale cress)]","AT4G12970, EPFL9, F25G13.60, F25G13_60"
"GO:0010375","GO:0010375","stomatal complex patterning","AT4G14770","IGI","827132","TCX2","TESMIN/TSO1-like CXC 2 [Arabidopsis thaliana (thale cress)]","AT4G14770, ATTCX2, DL3425C, FCAALL.306, TESMIN/TSO1-LIKE CXC 2, TESMIN/TSO1-like CXC 2"
"GO:0010375","GO:0010375","stomatal complex patterning","AT5G08120","IMP","830707","MPB2C","movement protein binding protein 2C [Arabidopsis thaliana (thale cress)]","AT5G08120, ATMBP2C, MBP2C, MICROTUBULE BINDING PROTEIN 2C, movement protein binding protein 2C"
"GO:0010374","GO:0010376","stomatal complex formation","AT1G14350","IMP","837997","FLP","Duplicated homeodomain-like superfamily protein [Arabidopsis thaliana (thale cress)]","AT1G14350, AtMYB124, F14L17.12, F14L17_12, FOUR LIPS, MYB124, myb domain protein 124"
"GO:0010374","GO:0010376","stomatal complex formation","AT1G14350","IEP","837997","FLP","Duplicated homeodomain-like superfamily protein [Arabidopsis thaliana (thale cress)]","AT1G14350, AtMYB124, F14L17.12, F14L17_12, FOUR LIPS, MYB124, myb domain protein 124"
"GO:0010374","GO:0010376","stomatal complex formation","AT1G80080","IMP","844348","TMM","Leucine-rich repeat (LRR) family protein [Arabidopsis thaliana (thale cress)]","AT1G80080, AtRLP17, F18B13.16, F18B13_16, Receptor Like Protein 17, TOO MANY MOUTHS"
"GO:0010374","GO:0010376","stomatal complex formation","AT2G02820","IMP","814812","MYB88","myb domain protein 88 [Arabidopsis thaliana (thale cress)]","AT2G02820, AtMYB88, T20F6.4, T20F6_4, myb domain protein 88"
"GO:0010374","GO:0010376","stomatal complex formation","AT2G46410","IMP","819249","CPC","Homeodomain-like superfamily protein [Arabidopsis thaliana (thale cress)]","AT2G46410, CAPRICE, F11C10.10, MYB FAMILY TRANSCRIPTION FACTOR CPC"
"GO:0010374","GO:0010376","stomatal complex formation","AT3G54180","IEP","824585","CDKB1;1","cyclin-dependent kinase B1;1 [Arabidopsis thaliana (thale cress)]","AT3G54180, CDC2-LIKE GENE, CDC2B, CYCLIN-DEPENDENT KINASE B1;1, P34(CDC2)-LIKE PROTEIN, cyclin-dependent kinase B1;1"
"GO:0010374","GO:0010376","stomatal complex formation","AT3G54180","TAS","824585","CDKB1;1","cyclin-dependent kinase B1;1 [Arabidopsis thaliana (thale cress)]","AT3G54180, CDC2-LIKE GENE, CDC2B, CYCLIN-DEPENDENT KINASE B1;1, P34(CDC2)-LIKE PROTEIN, cyclin-dependent kinase B1;1"
"GO:0010374","GO:0010440","stomatal lineage progression","AT2G40180","IMP","818609","PP2C5","phosphatase 2C5 [Arabidopsis thaliana (thale cress)]","AT2G40180, ATHPP2C5, T7M7.17, phosphatase 2C5"
"GO:0010374","GO:0010440","stomatal lineage progression","AT3G22760","IGI","821847","SOL1","Tesmin/TSO1-like CXC domain-containing protein [Arabidopsis thaliana (thale cress)]","AT3G22760"
"GO:0010374","GO:0010440","stomatal lineage progression","AT3G26744","IMP","822287","ICE1","basic helix-loop-helix (bHLH) DNA-binding superfamily protein [Arabidopsis thaliana (thale cress)]","AT3G26744, A. THALIANA INDUCER OF CBP EXPRESSION 1, ATICE1, INDUCER OF CBF EXPRESSION 1, SCREAM, SCRM"
"GO:0010374","GO:0010440","stomatal lineage progression","AT3G57230","IMP","824890","AGL16","AGAMOUS-like 16 [Arabidopsis thaliana (thale cress)]","AT3G57230, AGAMOUS-like 16"
"GO:0010374","GO:0010440","stomatal lineage progression","AT4G14770","IGI","827132","TCX2","TESMIN/TSO1-like CXC 2 [Arabidopsis thaliana (thale cress)]","AT4G14770, ATTCX2, DL3425C, FCAALL.306, TESMIN/TSO1-LIKE CXC 2, TESMIN/TSO1-like CXC 2"
"GO:0010374","GO:0010440","stomatal lineage progression","AT5G10440","IMP","830908","CYCD4;2","cyclin d4;2 [Arabidopsis thaliana (thale cress)]","AT5G10440, F12B17.210, F12B17_210, cyclin d4;2"
"GO:0010374","GO:0010440","stomatal lineage progression","AT5G65420","IMP","836667","CYCD4;1","CYCLIN D4;1 [Arabidopsis thaliana (thale cress)]","AT5G65420, CYCLIN D4;1, MNA5.15, MNA5_15"
"GO:0010118","GO:0090332","stomatal closure","AT1G08860","IMP","837408","BON3","Calcium-dependent phospholipid-binding Copine family protein [Arabidopsis thaliana (thale cress)]","AT1G08860, BONZAI 3, F7G19.25, F7G19_25"
"GO:0010118","GO:0090332","stomatal closure","AT1G12480","IMP","837805","OZS1","C4-dicarboxylate transporter/malic acid transport protein [Arabidopsis thaliana (thale cress)]","AT1G12480, CARBON DIOXIDE INSENSITIVE 3, CDI3, F5O11.23, F5O11_23, OZONE-SENSITIVE 1, RADICAL-INDUCED CELL DEATH 3, RCD3, SLAC1, SLOW ANION CHANNEL-ASSOCIATED 1"
"GO:0010118","GO:0090332","stomatal closure","AT1G12480","IBA","837805","OZS1","C4-dicarboxylate transporter/malic acid transport protein [Arabidopsis thaliana (thale cress)]","AT1G12480, CARBON DIOXIDE INSENSITIVE 3, CDI3, F5O11.23, F5O11_23, OZONE-SENSITIVE 1, RADICAL-INDUCED CELL DEATH 3, RCD3, SLAC1, SLOW ANION CHANNEL-ASSOCIATED 1"
"GO:0010118","GO:0090332","stomatal closure","AT1G15520","IMP","838122","ABCG40","pleiotropic drug resistance 12 [Arabidopsis thaliana (thale cress)]","AT1G15520, ARABIDOPSIS THALIANA ATP-BINDING CASSETTE FAMILY G 40, ATABCG40, ATP-BINDING CASSETTE FAMILY G40, ATP-binding cassette G40, ATPDR12, Arabidopsis thaliana ATP-binding cassette G40, PDR12, PLEIOTROPIC DRUG RESISTANCE 12, T16N11.3, T16N11_3, pleiotropic drug resistance 12"
"GO:0010118","GO:0090332","stomatal closure","AT1G25480","IMP","839134","AT1G25480","aluminum activated malate transporter family protein [Arabidopsis thaliana (thale cress)]","AT1G25480, F2J7.18, F2J7_18"
"GO:0010118","GO:0090332","stomatal closure","AT1G62580","IMP","842555","NOGC1","flavin containing monooxygenase FMO GS-OX-like protein [Arabidopsis thaliana (thale cress)]","AT1G62580, T3P18.14, T3P18_14, nitric oxide-dependent guanylate cyclase 1"
"GO:0010118","GO:0090332","stomatal closure","AT1G71010","IMP","843440","FAB1C","FORMS APLOID AND BINUCLEATE CELLS 1C [Arabidopsis thaliana (thale cress)]","AT1G71010, F23N20.21, FORMS APLOID AND BINUCLEATE CELLS 1C"
"GO:0010118","GO:0090332","stomatal closure","AT2G31870","IMP","817745","TEJ","Poly (ADP-ribose) glycohydrolase (PARG) [Arabidopsis thaliana (thale cress)]","AT2G31870, F20M17.9, F20M17_9, PARG1, Sanskrit for 'bright', poly(ADP-ribose) glycohydrolase 1"
"GO:0010118","GO:0090332","stomatal closure","AT2G39050","IMP","818491","EULS3","hydroxyproline-rich glycoprotein family protein [Arabidopsis thaliana (thale cress)]","AT2G39050, ArathEULS3, Euonymus lectin S3, T7F6.22, T7F6_22"
"GO:0010118","GO:0090332","stomatal closure","AT2G41070","IMP","818706","EEL","Basic-leucine zipper (bZIP) transcription factor family protein [Arabidopsis thaliana (thale cress)]","AT2G41070, ATBZIP12, DPBF4, ENHANCED EM LEVEL, T3K9.16, T3K9_16"
"GO:0010118","GO:0090332","stomatal closure","AT3G14270","IMP","820647","FAB1B","phosphatidylinositol-4-phosphate 5-kinase family protein [Arabidopsis thaliana (thale cress)]","AT3G14270, FORMS APLOID AND BINUCLEATE CELLS 1B"
"GO:0010118","GO:0090332","stomatal closure","AT3G58490","IMP","825018","SPP1","Phosphatidic acid phosphatase (PAP2) family protein [Arabidopsis thaliana (thale cress)]","AT3G58490, AtSPP1, LPPdelta, lipid phosphate phosphatase delta, sphingoid phosphate phosphatase 1"
"GO:0010118","GO:0090332","stomatal closure","AT4G20260","IMP","827773","PCAP1","plasma-membrane associated cation-binding protein 1 [Arabidopsis thaliana (thale cress)]","AT4G20260, ARABIDOPSIS THALIANA PLASMA-MEMBRANE ASSOCIATED CATION-BINDING PROTEIN 1, ATPCAP1, F1C12.180, F1C12_180, MDP25, microtubule-destabilizing protein 25, plasma-membrane associated cation-binding protein 1"
"GO:0010118","GO:0090332","stomatal closure","AT4G29130","IMP","829034","HXK1","hexokinase 1 [Arabidopsis thaliana (thale cress)]","AT4G29130, ARABIDOPSIS THALIANA HEXOKINASE 1, ATHXK1, F19B15.160, F19B15_160, GIN2, GLUCOSE INSENSITIVE 2, HEXOKINASE, hexokinase 1"
"GO:0010118","GO:0090332","stomatal closure","AT5G02500","IMP","831020","HSC70-1","heat shock cognate protein 70-1 [Arabidopsis thaliana (thale cress)]","AT5G02500, ARABIDOPSIS THALIANA HEAT SHOCK COGNATE PROTEIN 70-1, AT-HSC70-1, AtHsp70-1, HEAT SHOCK COGNATE PROTEIN 70, HEAT SHOCK PROTEIN 70-1, HSC70, HSP70-1, T22P11.90, T22P11_90, heat shock cognate protein 70-1"
"GO:0010118","GO:0090332","stomatal closure","AT5G02800","IMP","831285","CDL1","Protein kinase superfamily protein [Arabidopsis thaliana (thale cress)]","AT5G02800, CDG1-like 1, F9G14.110, F9G14_110"
"GO:0010118","GO:0090332","stomatal closure","AT5G43410","IMP","834360","AT5G43410","Integrase-type DNA-binding superfamily protein [Arabidopsis thaliana (thale cress)]","AT5G43410, MWF20.11, MWF20_11"
"GO:0010118","GO:0090332","stomatal closure","AT5G48650","IMP","834922","AT5G48650","Nuclear transport factor 2 (NTF2) family protein with RNA binding (RRM-RBD-RNP motifs) domain-containing protein [Arabidopsis thaliana (thale cress)]","AT5G48650, K15N18.17, K15N18_17"
"GO:0010118","GO:0090332","stomatal closure","AT5G56030","IMP","835701","HSP81-2","heat shock protein 81-2 [Arabidopsis thaliana (thale cress)]","AT5G56030, AtHsp90.2, EARLY-RESPONSIVE TO DEHYDRATION 8, ERD8, HEAT SHOCK PROTEIN  90.2, HEAT SHOCK PROTEIN 81-2, HEAT SHOCK PROTEIN 90.2, HSP81.2, HSP90.2, MDA7.7, MDA7_7, heat shock protein 81-2, heat shock protein 81.2"
"GO:0010118","GO:0090332","stomatal closure","AT5G64010","IMP","836522","AT5G64010","U2 small nuclear ribonucleoprotein auxiliary factor-like protein [Arabidopsis thaliana (thale cress)]","AT5G64010, MBM17.11, MBM17_11"
"GO:0010118","GO:0090333","regulation of stomatal closure","AT1G07000","IMP","837210","EXO70B2","exocyst subunit exo70 family protein B2 [Arabidopsis thaliana (thale cress)]","AT1G07000, ATEXO70B2, F10K1.28, F10K1_28, exocyst subunit exo70 family protein B2"
"GO:0010118","GO:0090333","regulation of stomatal closure","AT1G12480","IMP","837805","OZS1","C4-dicarboxylate transporter/malic acid transport protein [Arabidopsis thaliana (thale cress)]","AT1G12480, CARBON DIOXIDE INSENSITIVE 3, CDI3, F5O11.23, F5O11_23, OZONE-SENSITIVE 1, RADICAL-INDUCED CELL DEATH 3, RCD3, SLAC1, SLOW ANION CHANNEL-ASSOCIATED 1"
"GO:0010118","GO:0090333","regulation of stomatal closure","AT1G23030","IMP","838911","AT1G23030","ARM repeat superfamily protein [Arabidopsis thaliana (thale cress)]","AT1G23030, F19G10.3, F19G10_3"
"GO:0010118","GO:0090333","regulation of stomatal closure","AT1G47128","IMP","841122","RD21A","Granulin repeat cysteine protease family protein [Arabidopsis thaliana (thale cress)]","AT1G47128, F2G19.31, F2G19_31, RD21, RESPONSIVE TO DEHYDRATION 21A, responsive to dehydration 21, responsive to dehydration 21A"
"GO:0010118","GO:0090333","regulation of stomatal closure","AT1G62400","IMP","842538","HT1","Protein kinase superfamily protein [Arabidopsis thaliana (thale cress)]","AT1G62400, F24O1.13, F24O1_13, high leaf temperature 1"
"GO:0010118","GO:0090333","regulation of stomatal closure","AT2G05070","IMP","815055","LHCB2.2","photosystem II light harvesting complex protein 2.2 [Arabidopsis thaliana (thale cress)]","AT2G05070, F1O13.20, F1O13_20, LHCB2, LIGHT-HARVESTING CHLOROPHYLL B-BINDING 2, photosystem II light harvesting complex gene 2.2"
"GO:0010118","GO:0090333","regulation of stomatal closure","AT2G05100","ISS","815058","LHCB2.1","photosystem II light harvesting complex protein 2.1 [Arabidopsis thaliana (thale cress)]","AT2G05100, F15L11.2, F15L11_2, LHCB2, LIGHT-HARVESTING CHLOROPHYLL B-BINDING 2, photosystem II light harvesting complex gene 2.1"
"GO:0010118","GO:0090333","regulation of stomatal closure","AT2G26300","IMP","817170","GP ALPHA 1","G protein alpha subunit 1 [Arabidopsis thaliana (thale cress)]","AT2G26300, ARABIDOPSIS THALIANA G PROTEIN ALPHA SUBUNIT 1, ATGPA1, G PROTEIN ALPHA SUBUNIT, G PROTEIN ALPHA SUBUNIT 1, G protein alpha subunit 1, GPA1, T1D16.6, T1D16_6"
"GO:0010118","GO:0090333","regulation of stomatal closure","AT2G26650","IMP","817206","KT1","K+ transporter 1 [Arabidopsis thaliana (thale cress)]","AT2G26650, AKT1, ATAKT1, F18A8.2, F18A8_2, K+ transporter 1, POTASSIUM TRANSPORTER"
"GO:0010118","GO:0090333","regulation of stomatal closure","AT2G31650","IMP","817721","ATX1","homologue of trithorax [Arabidopsis thaliana (thale cress)]","AT2G31650, SDG27, SET DOMAIN PROTEIN 27, T9H9.17, T9H9_17, homologue of trithorax"
"GO:0010118","GO:0090333","regulation of stomatal closure","AT2G40750","IMP","818670","WRKY54","WRKY DNA-binding protein 54 [Arabidopsis thaliana (thale cress)]","AT2G40750, ATWRKY54, T7D17.7, T7D17_7, WRKY DNA-BINDING PROTEIN 54, WRKY DNA-binding protein 54"
"GO:0010118","GO:0090333","regulation of stomatal closure","AT2G43790","IMP","818982","MPK6","MAP kinase 6 [Arabidopsis thaliana (thale cress)]","AT2G43790, ATMAPK6, ATMPK6, F18O19.10, MAP KINASE 6, MAP kinase 6, MAPK6"
"GO:0010118","GO:0090333","regulation of stomatal closure","AT2G46070","IMP","819215","MPK12","mitogen-activated protein kinase 12 [Arabidopsis thaliana (thale cress)]","AT2G46070, ATMPK12, MAPK12, T3F17.28, mitogen-activated protein kinase 12"
"GO:0010118","GO:0090333","regulation of stomatal closure","AT3G05010","IMP","819662","Cand2","Protein of unknown function, transmembrane-40 [Arabidopsis thaliana (thale cress)]","AT3G05010, T9J14.4, T9J14_4, candidate G-protein Coupled Receptor 2"
"GO:0010118","GO:0090333","regulation of stomatal closure","AT3G05030","IBA","819665","NHX2","sodium hydrogen exchanger 2 [Arabidopsis thaliana (thale cress)]","AT3G05030, ATNHX2, T9J14.2, T9J14_2, sodium hydrogen exchanger 2"
"GO:0010118","GO:0090333","regulation of stomatal closure","AT3G05030","IGI","819665","NHX2","sodium hydrogen exchanger 2 [Arabidopsis thaliana (thale cress)]","AT3G05030, ATNHX2, T9J14.2, T9J14_2, sodium hydrogen exchanger 2"
"GO:0010118","GO:0090333","regulation of stomatal closure","AT3G16640","IMP","820916","TCTP","translationally controlled tumor protein [Arabidopsis thaliana (thale cress)]","AT3G16640, translationally controlled tumor protein"
"GO:0010118","GO:0090333","regulation of stomatal closure","AT3G21220","IMP","821676","MKK5","MAP kinase kinase 5 [Arabidopsis thaliana (thale cress)]","AT3G21220, ARABIDOPSIS THALIANA MITOGEN-ACTIVATED PROTEIN KINASE KINASE 5, ATMAP2K_ALPHA, ATMEK5, ATMKK5, MAP KINASE KINASE 5, MAP kinase kinase 5, MAP2K_A, MEK5"
"GO:0010118","GO:0090333","regulation of stomatal closure","AT3G27690","ISS","822391","LHCB2.3","photosystem II light harvesting complex protein 2.3 [Arabidopsis thaliana (thale cress)]","AT3G27690, LHCB2, LHCB2.4, LIGHT-HARVESTING CHLOROPHYLL B-BINDING 2, photosystem II light harvesting complex gene 2.3"
"GO:0010118","GO:0090333","regulation of stomatal closure","AT3G49260","IMP","824087","iqd21","IQ-domain 21 [Arabidopsis thaliana (thale cress)]","AT3G49260, IQ-domain 21"
"GO:0010118","GO:0090333","regulation of stomatal closure","AT3G50310","IMP","824193","MAPKKK20","mitogen-activated protein kinase kinase kinase 20 [Arabidopsis thaliana (thale cress)]","AT3G50310, MAPKK kinase 20, MKKK20, mitogen-activated protein kinase kinase kinase 20"
"GO:0010118","GO:0090333","regulation of stomatal closure","AT3G56400","IMP","824807","WRKY70","WRKY DNA-binding protein 70 [Arabidopsis thaliana (thale cress)]","AT3G56400, ARABIDOPSIS THALIANA WRKY DNA-BINDING PROTEIN 70, ATWRKY70, WRKY DNA-binding protein 70"
"GO:0010118","GO:0090333","regulation of stomatal closure","AT3G59700","IMP","825139","HLECRK","lectin-receptor kinase [Arabidopsis thaliana (thale cress)]","AT3G59700, ATHLECRK, L-type lectin receptor kinase V.5, LECRK1, LECTIN-RECEPTOR KINASE 1, LEGUME-LIKE LECTIN RECEPTOR KINASE-V.5, lectin-receptor kinase"
"GO:0010118","GO:0090333","regulation of stomatal closure","AT3G59780","IEA","825147","AT3G59780","Rhodanese/Cell cycle control phosphatase superfamily protein [Arabidopsis thaliana (thale cress)]","AT3G59780"
"GO:0010118","GO:0090333","regulation of stomatal closure","AT4G01370","IMP","828151","MPK4","MAP kinase 4 [Arabidopsis thaliana (thale cress)]","AT4G01370, ATMPK4, F2N1.1, F2N1_1, MAP kinase 4, MAPK4"
"GO:0010118","GO:0090333","regulation of stomatal closure","AT4G20940","IMP","827842","GHR1","Leucine-rich receptor-like protein kinase family protein [Arabidopsis thaliana (thale cress)]","AT4G20940, GUARD CELL HYDROGEN PEROXIDE-RESISTANT 1, T13K14.100, T13K14_100"
"GO:0010118","GO:0090333","regulation of stomatal closure","AT4G22330","IMP","828328","ATCES1","Alkaline phytoceramidase (aPHC) [Arabidopsis thaliana (thale cress)]","AT4G22330, T10I14.160, T10I14_160"
"GO:0010118","GO:0090333","regulation of stomatal closure","AT4G33950","IMP","829541","OST1","Protein kinase superfamily protein [Arabidopsis thaliana (thale cress)]","AT4G33950, ATOST1, F17I5.140, F17I5_140, OPEN STOMATA 1, P44, SNF1-RELATED PROTEIN KINASE 2.6, SNRK2-6, SNRK2.6, SRK2E, SUCROSE NONFERMENTING 1-RELATED PROTEIN KINASE 2-6"
"GO:0010118","GO:0090333","regulation of stomatal closure","AT4G35790","IMP","829733","PLDDELTA","phospholipase D delta [Arabidopsis thaliana (thale cress)]","AT4G35790, ARABIDOPSIS THALIANA PHOSPHOLIPASE D DELTA, ATPLDDELTA, F4B14.60, F4B14_60, PHOSPHOLIPASE D, phospholipase D delta"
"GO:0010118","GO:0090333","regulation of stomatal closure","AT5G10720","IMP","830938","HK5","histidine kinase 5 [Arabidopsis thaliana (thale cress)]","AT5G10720, AHK5, CKI2, CYTOKININ INDEPENDENT 2, MAJ23.80, MAJ23_80, histidine kinase 5"
"GO:0010118","GO:0090333","regulation of stomatal closure","AT5G13740","IBA","831219","ZIF1","zinc induced facilitator 1 [Arabidopsis thaliana (thale cress)]","AT5G13740, MSH12.21, MSH12_21, zinc induced facilitator 1"
"GO:0010118","GO:0090333","regulation of stomatal closure","AT5G13750","IMP","831220","ZIFL1","zinc induced facilitator-like 1 [Arabidopsis thaliana (thale cress)]","AT5G13750, MXE10.2, MXE10_2, zinc induced facilitator-like 1"
"GO:0010118","GO:0090333","regulation of stomatal closure","AT5G13750","IBA","831220","ZIFL1","zinc induced facilitator-like 1 [Arabidopsis thaliana (thale cress)]","AT5G13750, MXE10.2, MXE10_2, zinc induced facilitator-like 1"
"GO:0010118","GO:0090333","regulation of stomatal closure","AT5G23060","IEA","832370","CaS","calcium sensing receptor [Arabidopsis thaliana (thale cress)]","AT5G23060, MYJ24.5, MYJ24_5, calcium sensing receptor"
"GO:0010118","GO:0090333","regulation of stomatal closure","AT5G23060","IMP","832370","CaS","calcium sensing receptor [Arabidopsis thaliana (thale cress)]","AT5G23060, MYJ24.5, MYJ24_5, calcium sensing receptor"
"GO:0010118","GO:0090333","regulation of stomatal closure","AT5G27150","IBA","832773","NHX1","Na+/H+ exchanger 1 [Arabidopsis thaliana (thale cress)]","AT5G27150, AT-NHX1, ATNHX, ATNHX1, NA(+)/H(+) ANTIPORTER, Na+/H+ exchanger 1, T21B4.60, T21B4_60"
"GO:0010118","GO:0090333","regulation of stomatal closure","AT5G27150","IGI","832773","NHX1","Na+/H+ exchanger 1 [Arabidopsis thaliana (thale cress)]","AT5G27150, AT-NHX1, ATNHX, ATNHX1, NA(+)/H(+) ANTIPORTER, Na+/H+ exchanger 1, T21B4.60, T21B4_60"
"GO:0010118","GO:0090333","regulation of stomatal closure","AT5G49760","IMP","835039","AT5G49760","Leucine-rich repeat protein kinase family protein [Arabidopsis thaliana (thale cress)]","AT5G49760, K2I5.13, K2I5_13"
"GO:0010118","GO:0090333","regulation of stomatal closure","AT5G58430","IMP","835956","EXO70B1","exocyst subunit exo70 family protein B1 [Arabidopsis thaliana (thale cress)]","AT5G58430, ATEXO70B1, MQJ2.2, MQJ2_2, exocyst subunit exo70 family protein B1"
"GO:0010118","GO:1901527","abscisic acid-activated signaling pathway involved in stomatal movement","AT1G04120","IMP","839277","ABCC5","multidrug resistance-associated protein 5 [Arabidopsis thaliana (thale cress)]","AT1G04120, ARABIDOPSIS THALIANA ATP BINDING CASSETTE TRANSPORTER C5, ATABCC5, ATMRP5, ATP BINDING CASSETTE TRANSPORTER C5, ATP-binding cassette C5, Arabidopsis thaliana ATP-binding cassette C5, MULTIDRUG RESISTANCE PROTEIN 5, multidrug resistance-associated protein 5"
"GO:0010118","GO:1901527","abscisic acid-activated signaling pathway involved in stomatal movement","AT1G55660","IMP","842015","AT1G55660","FBD, F-box and Leucine Rich Repeat domains containing protein [Arabidopsis thaliana (thale cress)]","AT1G55660, F20N2.9"
"GO:0010118","GO:1901527","abscisic acid-activated signaling pathway involved in stomatal movement","AT3G09770","IMP","820135","LOG2","RING/U-box superfamily protein [Arabidopsis thaliana (thale cress)]","AT3G09770, ABA insensitive RING protein 3, AIRP3, AtAIRP3, F11F8.36, LOSS OF GDU 2"
"GO:0010118","GO:1901527","abscisic acid-activated signaling pathway involved in stomatal movement","AT3G46060","IMP","823749","RABE1c","RAB GTPase homolog 8A [Arabidopsis thaliana (thale cress)]","AT3G46060, ARA-3, ARA3, ATRAB8A, ATRABE1C, RAB GTPase homolog 8A, RAB8A, SMALL GTP-BINDING PROTEIN"
"GO:0010118","GO:1901527","abscisic acid-activated signaling pathway involved in stomatal movement","AT3G50360","IMP","824198","CEN2","centrin2 [Arabidopsis thaliana (thale cress)]","AT3G50360, ATCEN2, CEN1, CENTRIN 1, centrin2"
"GO:0010118","GO:1901527","abscisic acid-activated signaling pathway involved in stomatal movement","AT4G20940","IMP","827842","GHR1","Leucine-rich receptor-like protein kinase family protein [Arabidopsis thaliana (thale cress)]","AT4G20940, GUARD CELL HYDROGEN PEROXIDE-RESISTANT 1, T13K14.100, T13K14_100"
"GO:0010118","GO:1901527","abscisic acid-activated signaling pathway involved in stomatal movement","AT5G05860","IMP","830471","UGT76C2","UDP-glucosyl transferase 76C2 [Arabidopsis thaliana (thale cress)]","AT5G05860, MJJ3.28, MJJ3_28, UDP-glucosyl transferase 76C2"
"GO:0010118","GO:1901528","hydrogen peroxide mediated signaling pathway involved in stomatal movement","AT4G20940","IMP","827842","GHR1","Leucine-rich receptor-like protein kinase family protein [Arabidopsis thaliana (thale cress)]","AT4G20940, GUARD CELL HYDROGEN PEROXIDE-RESISTANT 1, T13K14.100, T13K14_100"
"GO:0010118","GO:1901528","hydrogen peroxide mediated signaling pathway involved in stomatal movement","AT5G49760","IMP","835039","AT5G49760","Leucine-rich repeat protein kinase family protein [Arabidopsis thaliana (thale cress)]","AT5G49760, K2I5.13, K2I5_13"
"GO:0010118","GO:1902456","regulation of stomatal opening","AT1G12480","IMP","837805","OZS1","C4-dicarboxylate transporter/malic acid transport protein [Arabidopsis thaliana (thale cress)]","AT1G12480, CARBON DIOXIDE INSENSITIVE 3, CDI3, F5O11.23, F5O11_23, OZONE-SENSITIVE 1, RADICAL-INDUCED CELL DEATH 3, RCD3, SLAC1, SLOW ANION CHANNEL-ASSOCIATED 1"
"GO:0010118","GO:1902456","regulation of stomatal opening","AT2G17290","IMP","816235","CPK6","Calcium-dependent protein kinase family protein [Arabidopsis thaliana (thale cress)]","AT2G17290, ARABIDOPSIS THALIANA CALCIUM-DEPENDENT PROTEIN KINASE 6, ARABIDOPSIS THALIANA CALMODULIN-DOMAIN PROTEIN KINASE 3, ATCDPK3, ATCPK6, CALCIUM-DEPENDENT PROTEIN KINASE 6, CALMODULIN-DOMAIN PROTEIN KINASE 3, F5J6.13, F5J6_13, calcium dependent protein kinase 6"
"GO:0010118","GO:1902456","regulation of stomatal opening","AT4G14480","IMP","827095","AT4G14480","Protein kinase superfamily protein [Arabidopsis thaliana (thale cress)]","AT4G14480, BLUE LIGHT SIGNALING1, BLUS1, DL3280C, FCAALL.219"
"GO:0010118","GO:1902456","regulation of stomatal opening","AT4G22790","IGI","828378","AT4G22790","MATE efflux family protein [Arabidopsis thaliana (thale cress)]","AT4G22790, T12H17.180, T12H17_180"
"GO:0010118","GO:1902456","regulation of stomatal opening","AT4G22790","IMP","828378","AT4G22790","MATE efflux family protein [Arabidopsis thaliana (thale cress)]","AT4G22790, T12H17.180, T12H17_180"
"GO:0010118","GO:1902456","regulation of stomatal opening","AT4G33950","IMP","829541","OST1","Protein kinase superfamily protein [Arabidopsis thaliana (thale cress)]","AT4G33950, ATOST1, F17I5.140, F17I5_140, OPEN STOMATA 1, P44, SNF1-RELATED PROTEIN KINASE 2.6, SNRK2-6, SNRK2.6, SRK2E, SUCROSE NONFERMENTING 1-RELATED PROTEIN KINASE 2-6"
"GO:0010118","GO:1902456","regulation of stomatal opening","AT5G22920","IMP","832356","AT5G22920","CHY-type/CTCHY-type/RING-type Zinc finger protein [Arabidopsis thaliana (thale cress)]","AT5G22920, AtRZPF34, MRN17.15, MRN17_15, RING zinc-finger protein 34, RZPF34"
"GO:0010118","GO:1902456","regulation of stomatal opening","AT5G22920","IGI","832356","AT5G22920","CHY-type/CTCHY-type/RING-type Zinc finger protein [Arabidopsis thaliana (thale cress)]","AT5G22920, AtRZPF34, MRN17.15, MRN17_15, RING zinc-finger protein 34, RZPF34"
"GO:0010118","GO:1902456","regulation of stomatal opening","AT5G46220","IMP","834664","AT5G46220","transmembrane protein (DUF616) [Arabidopsis thaliana (thale cress)]","AT5G46220, MDE13.4, MDE13_4"
"GO:0010118","GO:1902456","regulation of stomatal opening","AT5G57050","IMP","835809","ABI2","Protein phosphatase 2C family protein [Arabidopsis thaliana (thale cress)]","AT5G57050, ABA INSENSITIVE 2, AtABI2, MHM17.19, MHM17_19, PROTEIN PHOSPHATASE 2C"
"GO:0010118","GO:1902457","negative regulation of stomatal opening","AT1G05100","IMP","839324","MAPKKK18","mitogen-activated protein kinase kinase kinase 18 [Arabidopsis thaliana (thale cress)]","AT1G05100, T7A14.2, T7A14_2, mitogen-activated protein kinase kinase kinase 18"
"GO:0010118","GO:1902457","negative regulation of stomatal opening","AT1G17280","IGI","838300","UBC34","ubiquitin-conjugating enzyme 34 [Arabidopsis thaliana (thale cress)]","AT1G17280, F20D23.1, F20D23_1, ubiquitin-conjugating enzyme 34"
"GO:0010118","GO:1902457","negative regulation of stomatal opening","AT3G17000","IGI","820956","UBC32","ubiquitin-conjugating enzyme 32 [Arabidopsis thaliana (thale cress)]","AT3G17000, ubiquitin-conjugating enzyme 32"
"GO:0010118","GO:1902457","negative regulation of stomatal opening","AT5G50430","IGI","835111","UBC33","ubiquitin-conjugating enzyme 33 [Arabidopsis thaliana (thale cress)]","AT5G50430, MXI22.15, MXI22_15, ubiquitin-conjugating enzyme 33"
"GO:0010118","GO:1902458","positive regulation of stomatal opening","AT2G20890","IMP","816623","PSB29","photosystem II reaction center PSB29 protein [Arabidopsis thaliana (thale cress)]","AT2G20890, F5H14.14, F5H14_14, THF1, THYLAKOID FORMATION1, photosystem II reaction center PSB29 protein"
"GO:0010118","GO:1902458","positive regulation of stomatal opening","AT2G28930","IMP","817442","PK1B","protein kinase 1B [Arabidopsis thaliana (thale cress)]","AT2G28930, APK1B, T9I4.1, T9I4_1, protein kinase 1B"
"GO:0010118","GO:1902458","positive regulation of stomatal opening","AT5G52440","IMP","835320","HCF106","Bacterial sec-independent translocation protein mttA/Hcf106 [Arabidopsis thaliana (thale cress)]","AT5G52440, HIGH CHLOROPHYLL FLUORESCENCE 106, K24M7.19, K24M7_19"
"GO:0010118","GO:1990069","stomatal opening","AT1G04120","IGI","839277","ABCC5","multidrug resistance-associated protein 5 [Arabidopsis thaliana (thale cress)]","AT1G04120, ARABIDOPSIS THALIANA ATP BINDING CASSETTE TRANSPORTER C5, ATABCC5, ATMRP5, ATP BINDING CASSETTE TRANSPORTER C5, ATP-binding cassette C5, Arabidopsis thaliana ATP-binding cassette C5, MULTIDRUG RESISTANCE PROTEIN 5, multidrug resistance-associated protein 5"
"GO:0010118","GO:1990069","stomatal opening","AT2G18960","IMP","816413","HA1","H[+]-ATPase 1 [Arabidopsis thaliana (thale cress)]","AT2G18960, AHA1, F19F24.16, F19F24_16, H(+)-ATPase 1, OPEN STOMATA 2, OST2, PLASMA MEMBRANE PROTON ATPASE, PMA"
"GO:0010118","GO:1990069","stomatal opening","AT5G27620","IMP","832824","CYCH;1","cyclin H;1 [Arabidopsis thaliana (thale cress)]","AT5G27620, F15A18.80, F15A18_80, cyclin H;1"
"GO:0010118","GO:1990069","stomatal opening","AT5G40280","IMP","834026","ERA1","Prenyltransferase family protein [Arabidopsis thaliana (thale cress)]","AT5G40280, ARABIDOPSIS THALIANA FARNESYL TRANSFERASE BETA SUBUNIT, ATFTB, ENHANCED RESPONSE TO ABA 1, FARNESYL TRANSFERASE BETA SUBUNIT, MSN9.180, MSN9_180, WIG, WIGGUM"
"GO:0010375","GO:2000037","regulation of stomatal complex patterning","AT1G14350","IMP","837997","FLP","Duplicated homeodomain-like superfamily protein [Arabidopsis thaliana (thale cress)]","AT1G14350, AtMYB124, F14L17.12, F14L17_12, FOUR LIPS, MYB124, myb domain protein 124"
"GO:0010375","GO:2000037","regulation of stomatal complex patterning","AT1G33240","IMP","840218","GTL1","GT-2-like 1 [Arabidopsis thaliana (thale cress)]","AT1G33240, AT-GTL1, AT-GTL2, ATGTL1, GT-2-like 1, GT2-LIKE 1, GT2-LIKE 2, T9L6.10, T9L6_10"
"GO:0010375","GO:2000037","regulation of stomatal complex patterning","AT1G51660","IGI","841591","MKK4","mitogen-activated protein kinase kinase 4 [Arabidopsis thaliana (thale cress)]","AT1G51660, ARABIDOPSIS THALIANA MITOGEN-ACTIVATED PROTEIN KINASE KINASE 4, ATMEK4, ATMKK4, F19C24.26, F19C24_26, MAP KINASE KINASE 4, mitogen-activated protein kinase kinase 4"
"GO:0010375","GO:2000037","regulation of stomatal complex patterning","AT2G02820","IMP","814812","MYB88","myb domain protein 88 [Arabidopsis thaliana (thale cress)]","AT2G02820, AtMYB88, T20F6.4, T20F6_4, myb domain protein 88"
"GO:0010375","GO:2000037","regulation of stomatal complex patterning","AT2G02820","IGI","814812","MYB88","myb domain protein 88 [Arabidopsis thaliana (thale cress)]","AT2G02820, AtMYB88, T20F6.4, T20F6_4, myb domain protein 88"
"GO:0010375","GO:2000037","regulation of stomatal complex patterning","AT2G38620","IMP","818444","CDKB1;2","cyclin-dependent kinase B1;2 [Arabidopsis thaliana (thale cress)]","AT2G38620, CYCLIN-DEPENDENT KINASE B1;2, T6A23.18, T6A23_18, cyclin-dependent kinase B1;2"
"GO:0010375","GO:2000037","regulation of stomatal complex patterning","AT2G43790","IGI","818982","MPK6","MAP kinase 6 [Arabidopsis thaliana (thale cress)]","AT2G43790, ATMAPK6, ATMPK6, F18O19.10, MAP KINASE 6, MAP kinase 6, MAPK6"
"GO:0010375","GO:2000037","regulation of stomatal complex patterning","AT3G21220","IGI","821676","MKK5","MAP kinase kinase 5 [Arabidopsis thaliana (thale cress)]","AT3G21220, ARABIDOPSIS THALIANA MITOGEN-ACTIVATED PROTEIN KINASE KINASE 5, ATMAP2K_ALPHA, ATMEK5, ATMKK5, MAP KINASE KINASE 5, MAP kinase kinase 5, MAP2K_A, MEK5"
"GO:0010375","GO:2000037","regulation of stomatal complex patterning","AT3G45640","IGI","823706","MPK3","mitogen-activated protein kinase 3 [Arabidopsis thaliana (thale cress)]","AT3G45640, ATMAPK3, ATMPK3, T6D9.4, mitogen-activated protein kinase 3"
"GO:0010375","GO:2000037","regulation of stomatal complex patterning","AT3G54180","IMP","824585","CDKB1;1","cyclin-dependent kinase B1;1 [Arabidopsis thaliana (thale cress)]","AT3G54180, CDC2-LIKE GENE, CDC2B, CYCLIN-DEPENDENT KINASE B1;1, P34(CDC2)-LIKE PROTEIN, cyclin-dependent kinase B1;1"
"GO:0010375","GO:2000037","regulation of stomatal complex patterning","AT5G05660","IMP","830450","NFXL2","NF-X1-type zinc finger protein NFXL2 [Arabidopsis thaliana (thale cress)]","AT5G05660, ATNFXL2, Arabidopsis NF-X like 2, EARLY BIRD, EBI, MJJ3.6, MJJ3_6, NFX1-like 2"
"GO:0010374","GO:2000038","regulation of stomatal complex development","AT1G05100","IMP","839324","MAPKKK18","mitogen-activated protein kinase kinase kinase 18 [Arabidopsis thaliana (thale cress)]","AT1G05100, T7A14.2, T7A14_2, mitogen-activated protein kinase kinase kinase 18"
"GO:0010374","GO:2000038","regulation of stomatal complex development","AT1G20160","IMP","838606","ATSBT5.2","Subtilisin-like serine endopeptidase family protein [Arabidopsis thaliana (thale cress)]","AT1G20160, T20H2.6, T20H2_6"
"GO:0010374","GO:2000038","regulation of stomatal complex development","AT1G33240","IMP","840218","GTL1","GT-2-like 1 [Arabidopsis thaliana (thale cress)]","AT1G33240, AT-GTL1, AT-GTL2, ATGTL1, GT-2-like 1, GT2-LIKE 1, GT2-LIKE 2, T9L6.10, T9L6_10"
"GO:0010374","GO:2000038","regulation of stomatal complex development","AT1G51660","IGI","841591","MKK4","mitogen-activated protein kinase kinase 4 [Arabidopsis thaliana (thale cress)]","AT1G51660, ARABIDOPSIS THALIANA MITOGEN-ACTIVATED PROTEIN KINASE KINASE 4, ATMEK4, ATMKK4, F19C24.26, F19C24_26, MAP KINASE KINASE 4, mitogen-activated protein kinase kinase 4"
"GO:0010374","GO:2000038","regulation of stomatal complex development","AT2G43790","IGI","818982","MPK6","MAP kinase 6 [Arabidopsis thaliana (thale cress)]","AT2G43790, ATMAPK6, ATMPK6, F18O19.10, MAP KINASE 6, MAP kinase 6, MAPK6"
"GO:0010374","GO:2000038","regulation of stomatal complex development","AT3G45640","IGI","823706","MPK3","mitogen-activated protein kinase 3 [Arabidopsis thaliana (thale cress)]","AT3G45640, ATMAPK3, ATMPK3, T6D9.4, mitogen-activated protein kinase 3"
"GO:0010374","GO:2000038","regulation of stomatal complex development","AT4G12970","IMP","826909","STOMAGEN","stomagen [Arabidopsis thaliana (thale cress)]","AT4G12970, EPFL9, F25G13.60, F25G13_60"
"GO:0010374","GO:2000038","regulation of stomatal complex development","AT5G53210","IMP","835402","SPCH","basic helix-loop-helix (bHLH) DNA-binding superfamily protein [Arabidopsis thaliana (thale cress)]","AT5G53210, MFH8.15, SPEECHLESS"
"GO:0010374","GO:2000122","negative regulation of stomatal complex development","AT1G20160","IMP","838606","ATSBT5.2","Subtilisin-like serine endopeptidase family protein [Arabidopsis thaliana (thale cress)]","AT1G20160, T20H2.6, T20H2_6"
"GO:0010374","GO:2000122","negative regulation of stomatal complex development","AT1G25250","IMP","839108","IDD16","indeterminate(ID)-domain 16 [Arabidopsis thaliana (thale cress)]","AT1G25250, AtIDD16, F4F7.36, F4F7_36, indeterminate(ID)-domain 16"
"GO:0010374","GO:2000122","negative regulation of stomatal complex development","AT1G34245","IMP","840324","EPF2","Putative membrane lipoprotein [Arabidopsis thaliana (thale cress)]","AT1G34245, EPIDERMAL PATTERNING FACTOR 2"
"GO:0010374","GO:2000122","negative regulation of stomatal complex development","AT1G70410","IGI","843377","BCA4","beta carbonic anhydrase 4 [Arabidopsis thaliana (thale cress)]","AT1G70410, ATBCA4, BETA CARBONIC ANHYDRASE 4, CA4, F17O7.5, F17O7_5, beta carbonic anhydrase 4"
"GO:0010374","GO:2000122","negative regulation of stomatal complex development","AT2G20875","IMP","816621","EPF1","epidermal patterning factor 1 [Arabidopsis thaliana (thale cress)]","AT2G20875, EPIDERMAL PATTERNING FACTOR 1"
"GO:0010374","GO:2000122","negative regulation of stomatal complex development","AT2G30370","IGI","817587","CHAL","allergen-like protein [Arabidopsis thaliana (thale cress)]","AT2G30370, CHALLAH, EPF1-like 6, EPFL6, T9D9.18, T9D9_18"
"GO:0010374","GO:2000122","negative regulation of stomatal complex development","AT2G30370","IMP","817587","CHAL","allergen-like protein [Arabidopsis thaliana (thale cress)]","AT2G30370, CHALLAH, EPF1-like 6, EPFL6, T9D9.18, T9D9_18"
"GO:0010374","GO:2000122","negative regulation of stomatal complex development","AT3G01500","IGI","821134","CA1","carbonic anhydrase 1 [Arabidopsis thaliana (thale cress)]","AT3G01500, ARABIDOPSIS THALIANA SALICYLIC ACID-BINDING PROTEIN 3, ATBCA1, ATSABP3, BETA CARBONIC ANHYDRASE 1, F4P13.5, F4P13_5, SABP3, SALICYLIC ACID-BINDING PROTEIN 3, carbonic anhydrase 1"
"GO:0010374","GO:2000123","positive regulation of stomatal complex development","AT1G15570","IGI","838127","CYCA2;3","CYCLIN A2;3 [Arabidopsis thaliana (thale cress)]","AT1G15570, CYCLIN A2;3, T16N11.8, T16N11_8"
"GO:0010374","GO:2000123","positive regulation of stomatal complex development","AT4G12970","IDA","826909","STOMAGEN","stomagen [Arabidopsis thaliana (thale cress)]","AT4G12970, EPFL9, F25G13.60, F25G13_60"
"GO:0010374","GO:2000123","positive regulation of stomatal complex development","AT5G11300","IGI","831001","CYC3B","mitotic-like cyclin 3B from Arabidopsi [Arabidopsis thaliana (thale cress)]","AT5G11300, CYC2BAT, CYCA2;2, CYCLIN, CYCLIN A2;2, mitotic-like cyclin 3B from Arabidopsis"
"GO:0010374","GO:0010052","guard cell differentiation","AT1G14350","NAS","837997","FLP","Duplicated homeodomain-like superfamily protein [Arabidopsis thaliana (thale cress)]","AT1G14350, AtMYB124, F14L17.12, F14L17_12, FOUR LIPS, MYB124, myb domain protein 124"
"GO:0010374","GO:0010052","guard cell differentiation","AT1G14350","IGI","837997","FLP","Duplicated homeodomain-like superfamily protein [Arabidopsis thaliana (thale cress)]","AT1G14350, AtMYB124, F14L17.12, F14L17_12, FOUR LIPS, MYB124, myb domain protein 124"
"GO:0010374","GO:0010052","guard cell differentiation","AT1G34245","IMP","840324","EPF2","Putative membrane lipoprotein [Arabidopsis thaliana (thale cress)]","AT1G34245, EPIDERMAL PATTERNING FACTOR 2"
"GO:0010374","GO:0010052","guard cell differentiation","AT1G34245","IBA","840324","EPF2","Putative membrane lipoprotein [Arabidopsis thaliana (thale cress)]","AT1G34245, EPIDERMAL PATTERNING FACTOR 2"
"GO:0010374","GO:0010052","guard cell differentiation","AT1G71866","ISS","10723086","AT1G71866","EPIDERMAL PATTERNING FACTOR-like protein [Arabidopsis thaliana (thale cress)]","AT1G71866"
"GO:0010374","GO:0010052","guard cell differentiation","AT1G71866","IBA","10723086","AT1G71866","EPIDERMAL PATTERNING FACTOR-like protein [Arabidopsis thaliana (thale cress)]","AT1G71866"
"GO:0010374","GO:0010052","guard cell differentiation","AT1G80133","ISS","5007859","AT1G80133","EPIDERMAL PATTERNING FACTOR-like protein [Arabidopsis thaliana (thale cress)]","AT1G80133"
"GO:0010374","GO:0010052","guard cell differentiation","AT1G80133","IBA","5007859","AT1G80133","EPIDERMAL PATTERNING FACTOR-like protein [Arabidopsis thaliana (thale cress)]","AT1G80133"
"GO:0010374","GO:0010052","guard cell differentiation","AT2G02820","IGI","814812","MYB88","myb domain protein 88 [Arabidopsis thaliana (thale cress)]","AT2G02820, AtMYB88, T20F6.4, T20F6_4, myb domain protein 88"
"GO:0010374","GO:0010052","guard cell differentiation","AT2G20875","IBA","816621","EPF1","epidermal patterning factor 1 [Arabidopsis thaliana (thale cress)]","AT2G20875, EPIDERMAL PATTERNING FACTOR 1"
"GO:0010374","GO:0010052","guard cell differentiation","AT2G30370","ISS","817587","CHAL","allergen-like protein [Arabidopsis thaliana (thale cress)]","AT2G30370, CHALLAH, EPF1-like 6, EPFL6, T9D9.18, T9D9_18"
"GO:0010374","GO:0010052","guard cell differentiation","AT2G30370","IBA","817587","CHAL","allergen-like protein [Arabidopsis thaliana (thale cress)]","AT2G30370, CHALLAH, EPF1-like 6, EPFL6, T9D9.18, T9D9_18"
"GO:0010374","GO:0010052","guard cell differentiation","AT3G06120","IEA","819785","MUTE","basic helix-loop-helix (bHLH) DNA-binding superfamily protein [Arabidopsis thaliana (thale cress)]","AT3G06120, F28L1.6, F28L1_6"
"GO:0010374","GO:0010052","guard cell differentiation","AT3G13898","IBA","10723043","AT3G13898","EPIDERMAL PATTERNING FACTOR-like protein [Arabidopsis thaliana (thale cress)]","AT3G13898"
"GO:0010374","GO:0010052","guard cell differentiation","AT3G22820","IBA","821853","CLL1","allergen-like protein [Arabidopsis thaliana (thale cress)]","AT3G22820, CHALLAH-LIKE 1, EPFL5, epidermal patterning factor like 5"
"GO:0010374","GO:0010052","guard cell differentiation","AT3G22820","IMP","821853","CLL1","allergen-like protein [Arabidopsis thaliana (thale cress)]","AT3G22820, CHALLAH-LIKE 1, EPFL5, epidermal patterning factor like 5"
"GO:0010374","GO:0010052","guard cell differentiation","AT3G24140","IMP","822000","FMA","basic helix-loop-helix (bHLH) DNA-binding superfamily protein [Arabidopsis thaliana (thale cress)]","AT3G24140, FAMA"
"GO:0010374","GO:0010052","guard cell differentiation","AT3G24140","IEA","822000","FMA","basic helix-loop-helix (bHLH) DNA-binding superfamily protein [Arabidopsis thaliana (thale cress)]","AT3G24140, FAMA"
"GO:0010374","GO:0010052","guard cell differentiation","AT4G12970","ISS","826909","STOMAGEN","stomagen [Arabidopsis thaliana (thale cress)]","AT4G12970, EPFL9, F25G13.60, F25G13_60"
"GO:0010374","GO:0010052","guard cell differentiation","AT4G14723","IMP","3769880","CLL2","EPIDERMAL PATTERNING FACTOR-like protein [Arabidopsis thaliana (thale cress)]","AT4G14723, CHALLAH-LIKE 2, EPFL4, epidermal patterning factor like 4"
"GO:0010374","GO:0010052","guard cell differentiation","AT4G14723","IBA","3769880","CLL2","EPIDERMAL PATTERNING FACTOR-like protein [Arabidopsis thaliana (thale cress)]","AT4G14723, CHALLAH-LIKE 2, EPFL4, epidermal patterning factor like 4"
"GO:0010374","GO:0010052","guard cell differentiation","AT4G37810","IBA","829937","AT4G37810","EPIDERMAL PATTERNING FACTOR-like protein [Arabidopsis thaliana (thale cress)]","AT4G37810"
"GO:0010374","GO:0010052","guard cell differentiation","AT4G37810","ISS","829937","AT4G37810","EPIDERMAL PATTERNING FACTOR-like protein [Arabidopsis thaliana (thale cress)]","AT4G37810"
"GO:0010374","GO:0010052","guard cell differentiation","AT5G10310","IBA","830895","AT5G10310","EPIDERMAL PATTERNING FACTOR-like protein [Arabidopsis thaliana (thale cress)]","AT5G10310, F18D22.80, F18D22_80"
"GO:0010374","GO:0010052","guard cell differentiation","AT5G10310","ISS","830895","AT5G10310","EPIDERMAL PATTERNING FACTOR-like protein [Arabidopsis thaliana (thale cress)]","AT5G10310, F18D22.80, F18D22_80"
"GO:0010374","GO:0010052","guard cell differentiation","AT5G53210","IEA","835402","SPCH","basic helix-loop-helix (bHLH) DNA-binding superfamily protein [Arabidopsis thaliana (thale cress)]","AT5G53210, MFH8.15, SPEECHLESS"
"GO:0010374","GO:0010052","guard cell differentiation","AT5G65590","IMP","836685","AT5G65590","Dof-type zinc finger DNA-binding family protein [Arabidopsis thaliana (thale cress)]","AT5G65590, K21L13.10, K21L13_10, SCAP1, STOMATAL CARPENTER 1"
"GO:0010374","GO:0010235","guard mother cell cytokinesis","AT1G14350","IMP","837997","FLP","Duplicated homeodomain-like superfamily protein [Arabidopsis thaliana (thale cress)]","AT1G14350, AtMYB124, F14L17.12, F14L17_12, FOUR LIPS, MYB124, myb domain protein 124"
"GO:0010374","GO:0010235","guard mother cell cytokinesis","AT1G49040","IMP","841327","SCD1","stomatal cytokinesis defective / SCD1 protein (SCD1) [Arabidopsis thaliana (thale cress)]","AT1G49040, F27J15.17, F27J15_17, STOMATAL CYTOKINESIS-DEFECTIVE 1"
"GO:0010374","GO:0010235","guard mother cell cytokinesis","AT2G02820","IMP","814812","MYB88","myb domain protein 88 [Arabidopsis thaliana (thale cress)]","AT2G02820, AtMYB88, T20F6.4, T20F6_4, myb domain protein 88"
"GO:0010374","GO:0010235","guard mother cell cytokinesis","AT3G22780","IGI","821849","TSO1","Tesmin/TSO1-like CXC domain-containing protein [Arabidopsis thaliana (thale cress)]","AT3G22780, ATTSO1, CHINESE FOR 'UGLY'"
"GO:0010374","GO:0010235","guard mother cell cytokinesis","AT3G48750","IMP","824036","CDC2","cell division control 2 [Arabidopsis thaliana (thale cress)]","AT3G48750, CDC2A, CDC2AAT, CDK2, CDKA1, CDKA;1, CYCLIN-DEPENDENT KINASE A;1, P34CDC2, cell division control 2"
"GO:0010374","GO:0010444","guard mother cell differentiation","AT1G12860","IMP","837843","SCRM2","basic helix-loop-helix (bHLH) DNA-binding superfamily protein [Arabidopsis thaliana (thale cress)]","AT1G12860, F13K23.12, F13K23_12, ICE2, INDUCER OF CBF EXPRESSION 2, SCREAM 2"
"GO:0010374","GO:0010444","guard mother cell differentiation","AT1G14350","IMP","837997","FLP","Duplicated homeodomain-like superfamily protein [Arabidopsis thaliana (thale cress)]","AT1G14350, AtMYB124, F14L17.12, F14L17_12, FOUR LIPS, MYB124, myb domain protein 124"
"GO:0010374","GO:0010444","guard mother cell differentiation","AT1G15570","IMP","838127","CYCA2;3","CYCLIN A2;3 [Arabidopsis thaliana (thale cress)]","AT1G15570, CYCLIN A2;3, T16N11.8, T16N11_8"
"GO:0010374","GO:0010444","guard mother cell differentiation","AT2G02820","IMP","814812","MYB88","myb domain protein 88 [Arabidopsis thaliana (thale cress)]","AT2G02820, AtMYB88, T20F6.4, T20F6_4, myb domain protein 88"
"GO:0010374","GO:0010444","guard mother cell differentiation","AT2G38620","IMP","818444","CDKB1;2","cyclin-dependent kinase B1;2 [Arabidopsis thaliana (thale cress)]","AT2G38620, CYCLIN-DEPENDENT KINASE B1;2, T6A23.18, T6A23_18, cyclin-dependent kinase B1;2"
"GO:0010374","GO:0010444","guard mother cell differentiation","AT3G24140","IMP","822000","FMA","basic helix-loop-helix (bHLH) DNA-binding superfamily protein [Arabidopsis thaliana (thale cress)]","AT3G24140, FAMA"
"GO:0010374","GO:0010444","guard mother cell differentiation","AT3G48750","IMP","824036","CDC2","cell division control 2 [Arabidopsis thaliana (thale cress)]","AT3G48750, CDC2A, CDC2AAT, CDK2, CDKA1, CDKA;1, CYCLIN-DEPENDENT KINASE A;1, P34CDC2, cell division control 2"
"GO:0010374","GO:0010444","guard mother cell differentiation","AT3G50070","IMP","824169","CYCD3;3","CYCLIN D3;3 [Arabidopsis thaliana (thale cress)]","AT3G50070, CYCLIN D3;3"
"GO:0010374","GO:0010444","guard mother cell differentiation","AT3G54180","IMP","824585","CDKB1;1","cyclin-dependent kinase B1;1 [Arabidopsis thaliana (thale cress)]","AT3G54180, CDC2-LIKE GENE, CDC2B, CYCLIN-DEPENDENT KINASE B1;1, P34(CDC2)-LIKE PROTEIN, cyclin-dependent kinase B1;1"
"GO:0010374","GO:0010444","guard mother cell differentiation","AT4G34160","IMP","829564","CYCD3;1","CYCLIN D3;1 [Arabidopsis thaliana (thale cress)]","AT4G34160, CYCD3, CYCLIN D3;1, F28A23.80, F28A23_80"
"GO:0010374","GO:0010444","guard mother cell differentiation","AT5G67260","IMP","836861","CYCD3;2","CYCLIN D3;2 [Arabidopsis thaliana (thale cress)]","AT5G67260, CYCLIN D3;2, K3G17.2, K3G17_2"
"GO:0010374","GO:0010377","guard cell fate commitment","AT3G12280","IGI","820408","RBR1","retinoblastoma-related 1 [Arabidopsis thaliana (thale cress)]","AT3G12280, ATRBR1, RB, RB1, RBR, RETINOBLASTOMA 1, RETINOBLASTOMA PROTEIN, RETINOBLASTOMA-RELATED, RETINOBLASTOMA-RELATED PROTEIN 1, retinoblastoma-related 1"
"GO:0010374","GO:0010377","guard cell fate commitment","AT3G24140","IGI","822000","FMA","basic helix-loop-helix (bHLH) DNA-binding superfamily protein [Arabidopsis thaliana (thale cress)]","AT3G24140, FAMA"
"GO:0010374","GO:0010441","guard cell development","AT1G27695","IMP","839662","AT1G27695","glycine-rich protein [Arabidopsis thaliana (thale cress)]","AT1G27695"
"GO:0010374","GO:0010442","guard cell morphogenesis","AT1G18580","IGI","838439","GAUT11","galacturonosyltransferase 11 [Arabidopsis thaliana (thale cress)]","AT1G18580, F25I16.8, F25I16_8, galacturonosyltransferase 11"
"GO:0010374","GO:0010442","guard cell morphogenesis","AT2G20810","IGI","816611","GAUT10","galacturonosyltransferase 10 [Arabidopsis thaliana (thale cress)]","AT2G20810, F5H14.44, LGT4, galacturonosyltransferase 10"
"GO:0010374","GO:0010442","guard cell morphogenesis","AT4G26690","IGI","828776","SHV3","PLC-like phosphodiesterase family protein [Arabidopsis thaliana (thale cress)]","AT4G26690, F10M23.30, F10M23_30, GDPDL3, GLYCEROPHOSPHODIESTERASE-LIKE 2, GPDL2, Glycerophosphodiester phosphodiesterase (GDPD) like 3, MRH5, MUTANT ROOT HAIR 5, SHAVEN 3"
"GO:0010374","GO:0010442","guard cell morphogenesis","AT5G55480","IGI","835641","SVL1","SHV3-like 1 [Arabidopsis thaliana (thale cress)]","AT5G55480, GDPDL4, GPDL1, Glycerophosphodiester phosphodiesterase (GDPD) like 4, MTE17.19, MTE17_19, SHV3-like 1, glycerophosphodiesterase-like 1"
